agency,emp_id,ssn,emp_name,job_begin_date,job_end_date,effective_date,adjust_service_date,action_code,sub_action_code,position_nbr,salary,job_class,memo,separation_reason,part_or_full_time,employment_status,employment_status_date,rate_code,pay_frequency,employee_type,extra_field
JHA ,181587368,485385179,Rtdeegcsg, Opiy O,2024-09-01,9999-09-09,2001-09-01,2000-03-01,11,PE,GJB66,33.0000,H1E1,NULL,NULL,34.60,A,2001-09-01,H,TO,R
JHA ,181587368,485385179,Rtdeegcsg, Opiy O,2024-09-01,9999-09-09,2002-02-01,2000-03-01,04,PF,GJB66,33.8300,H1E1,NULL,NULL,34.60,A,2001-09-01,H,TO,R
JHA ,181587368,485385179,Rtdeegcsg, Opiy O,2024-09-01,9999-09-09,2002-07-01,2000-03-01,01,KA,GJB66,34.6800,H1E1,NULL,NULL,34.60,A,2001-09-01,H,TO,R
JHA ,181587368,485385179,Rtdeegcsg, Opiy O,2024-09-01,9999-09-09,2002-12-01,2000-03-01,94,PA,GJB66,35.5500,H1E1,NULL,NULL,34.60,A,2001-09-01,H,TO,R
JHA ,181587368,485385179,Rtdeegcsg, Opiy O,2024-09-01,9999-09-09,2003-05-01,2000-03-01,95,PJ,GJB66,36.4400,H1E1,NULL,NULL,34.60,A,2001-09-01,H,TO,R
JHA ,181587368,485385179,Rtdeegcsg, Opiy O,2024-09-01,9999-09-09,2003-10-01,2000-03-01,12,LC,GJB66,37.3500,H1E1,NULL,NULL,34.60,A,2001-09-01,H,TO,R
JHA ,181587368,485385179,Rtdeegcsg, Opiy O,2024-09-01,9999-09-09,2004-03-01,2000-03-01,01,LA,GJB66,38.2800,H1E1,NULL,NULL,34.60,A,2001-09-01,H,TO,R
JHA ,181587368,485385179,Rtdeegcsg, Opiy O,2024-09-01,9999-09-09,2004-08-01,2000-03-01,91,KE,GJB66,39.2400,H1E1,NULL,NULL,34.60,A,2001-09-01,H,TO,R
JHA ,181587368,485385179,Rtdeegcsg, Opiy O,2024-09-01,9999-09-09,2005-01-01,2000-03-01,88,PF,GJB66,40.2200,H1E1,Random Memo,NULL,34.60,A,2001-09-01,H,TO,R
JHA ,181587368,485385179,Rtdeegcsg, Opiy O,2024-09-01,9999-09-09,2005-06-01,2000-03-01,91,PJ,GJB66,41.2300,H1E1,NULL,NULL,34.60,A,2001-09-01,H,TO,R
JHA ,181587368,485385179,Rtdeegcsg, Opiy O,2024-09-01,9999-09-09,2001-09-01,2000-03-01,10,KA,GJB66,46.4900,H1E2,NULL,NULL,34.60,A,2001-09-01,H,TO,R
JHA ,181587368,485385179,Rtdeegcsg, Opiy O,2024-09-01,9999-09-09,2002-02-01,2000-03-01,92,KA,GJB66,47.6500,H1E2,NULL,NULL,34.60,A,2001-09-01,H,TO,R
JHA ,181587368,485385179,Rtdeegcsg, Opiy O,2024-09-01,9999-09-09,2002-07-01,2000-03-01,12,KA,GJB66,48.8400,H1E2,NULL,NULL,34.60,A,2001-09-01,H,TO,R
JHA ,181587368,485385179,Rtdeegcsg, Opiy O,2024-09-01,9999-09-09,2002-12-01,2000-03-01,88,PB,GJB66,50.0600,H1E2,NULL,NULL,34.60,A,2001-09-01,H,TO,R
JHA ,181587368,485385179,Rtdeegcsg, Opiy O,2024-09-01,9999-09-09,2003-05-01,2000-03-01,98,PL,GJB66,51.3100,H1E2,NULL,NULL,34.60,A,2001-09-01,H,TO,R
JHA ,181587368,485385179,Rtdeegcsg, Opiy O,2024-09-01,9999-09-09,2003-10-01,2000-03-01,13,KD,GJB66,52.5900,H1E2,NULL,NULL,34.60,A,2001-09-01,H,TO,R
JHA ,181587368,485385179,Rtdeegcsg, Opiy O,2024-09-01,9999-09-09,2004-03-01,2000-03-01,98,PA,GJB66,53.9000,H1E2,NULL,NULL,34.60,A,2001-09-01,H,TO,R
JHA ,181587368,485385179,Rtdeegcsg, Opiy O,2024-09-01,9999-09-09,2004-08-01,2000-03-01,01,PB,GJB66,55.2500,H1E2,NULL,NULL,34.60,A,2001-09-01,H,TO,R
JHA ,181587368,485385179,Rtdeegcsg, Opiy O,2024-09-01,9999-09-09,2005-01-01,2000-03-01,07,LA,GJB66,56.6300,H1E2,NULL,NULL,34.60,A,2001-09-01,H,TO,R
JHA ,181587368,485385179,Rtdeegcsg, Opiy O,2024-09-01,9999-09-09,2001-09-01,2000-03-01,06,LB,GJB66,63.8600,H1E3,NULL,NULL,34.60,A,2001-09-01,H,TO,R
JHA ,181587368,485385179,Rtdeegcsg, Opiy O,2024-09-01,9999-09-09,2003-02-01,2000-03-01,09,GA,GJB66,65.4600,H1E3,NULL,NULL,34.60,A,2001-09-01,H,TO,R
JHA ,181587368,485385179,Rtdeegcsg, Opiy O,2024-09-01,9999-09-09,2004-07-01,2000-03-01,09,PF,GJB66,67.1000,H1E3,NULL,NULL,34.60,A,2001-09-01,H,TO,R
JHA ,181587368,485385179,Rtdeegcsg, Opiy O,2024-09-01,9999-09-09,2001-09-01,2000-03-01,01,KC,GJB66,75.6600,H1E4,NULL,NULL,34.60,A,2001-09-01,H,TO,R
JHA ,181587368,485385179,Rtdeegcsg, Opiy O,2024-09-01,9999-09-09,2002-07-01,2000-03-01,07,PM,GJB66,77.5500,H1E4,NULL,NULL,34.60,A,2001-09-01,H,TO,R
JHA ,181587368,485385179,Rtdeegcsg, Opiy O,2024-09-01,9999-09-09,2003-05-01,2000-03-01,95,PM,GJB66,79.4900,H1E4,NULL,NULL,34.60,A,2001-09-01,H,TO,R
JHA ,181587368,485385179,Rtdeegcsg, Opiy O,2024-09-01,9999-09-09,2004-03-01,2000-03-01,91,NULL,GJB66,81.4800,H1E4,NULL,NULL,34.60,A,2001-09-01,H,TO,R
JHA ,181587368,485385179,Rtdeegcsg, Opiy O,2024-09-01,9999-09-09,2005-01-01,2000-03-01,91,PO,GJB66,83.5200,H1E4,NULL,NULL,34.60,A,2001-09-01,H,TO,R
JHA ,181587368,485385179,Rtdeegcsg, Opiy O,2024-09-01,9999-09-09,2001-09-01,2000-03-01,04,PE,GJB66,94.1700,H1E5,NULL,NULL,34.60,A,2001-09-01,H,TO,R
JHA ,181587368,485385179,Rtdeegcsg, Opiy O,2024-09-01,9999-09-09,2002-01-01,2000-03-01,02,PF,GJB66,96.5200,H1E5,NULL,NULL,34.60,A,2001-09-01,H,TO,R
JHA ,181587368,485385179,Rtdeegcsg, Opiy O,2024-09-01,9999-09-09,2002-05-01,2000-03-01,13,PF,GJB66,98.9300,H1E5,NULL,NULL,34.60,A,2001-09-01,H,TO,R
JHA ,181587368,485385179,Rtdeegcsg, Opiy O,2024-09-01,9999-09-09,2002-09-01,2000-03-01,06,LA,GJB66,101.4000,H1E5,NULL,NULL,34.60,A,2001-09-01,H,TO,R
JHA ,181587368,485385179,Rtdeegcsg, Opiy O,2024-09-01,9999-09-09,2003-01-01,2000-03-01,71,PF,GJB66,103.9400,H1E5,NULL,NULL,34.60,A,2001-09-01,H,TO,R
JHA ,181587368,485385179,Rtdeegcsg, Opiy O,2024-09-01,9999-09-09,2003-05-01,2000-03-01,95,NA,GJB66,106.5400,H1E5,NULL,NULL,34.60,A,2001-09-01,H,TO,R
JHA ,181587368,485385179,Rtdeegcsg, Opiy O,2024-09-01,9999-09-09,2003-09-01,2000-03-01,15,PL,GJB66,109.2000,H1E5,NULL,NULL,34.60,A,2001-09-01,H,TO,R
JHA ,181587368,485385179,Rtdeegcsg, Opiy O,2024-09-01,9999-09-09,2004-01-01,2000-03-01,04,PF,GJB66,111.9300,H1E5,NULL,NULL,34.60,A,2001-09-01,H,TO,R
JHA ,181587368,485385179,Rtdeegcsg, Opiy O,2024-09-01,9999-09-09,2004-05-01,2000-03-01,14,LA,GJB66,114.7300,H1E5,NULL,NULL,34.60,A,2001-09-01,H,TO,R
JHA ,181587368,485385179,Rtdeegcsg, Opiy O,2024-09-01,9999-09-09,2004-09-01,2000-03-01,07,PH,GJB66,117.6000,H1E5,NULL,NULL,34.60,A,2001-09-01,H,TO,R
JHA ,181587368,485385179,Rtdeegcsg, Opiy O,2024-09-01,9999-09-09,2005-01-01,2000-03-01,05,PG,GJB66,120.5400,H1E5,NULL,NULL,34.60,A,2001-09-01,H,TO,R
JHA ,181587368,485385179,Rtdeegcsg, Opiy O,2024-09-01,9999-09-09,2018-09-01,2018-09-01,08,KA,OAA50,2400.0000,H1H1,NULL,NULL,100.00,A,2018-09-01,R,TO,R
JHA ,181587368,485385179,Rtdeegcsg, Opiy O,2024-09-01,9999-09-09,2018-10-01,2018-09-01,  ,PE,OAA50,2460.0000,H1H1,NULL,NULL,100.00,A,2018-09-01,R,TO,R
JHA ,181587368,485385179,Rtdeegcsg, Opiy O,2018-09-01,9999-09-09,2018-11-01,2018-09-01,06,PO,OAA50,2521.5000,H1H1,NULL,NULL,100.00,A,2018-09-01,R,TO,R
JHA ,181587368,485385179,Rtdeegcsg, Opiy O,2018-09-01,9999-09-09,2018-12-01,2018-09-01,04,PI,OAA50,2584.5400,H1H1,NULL,NULL,100.00,A,2018-09-01,R,TO,R
JHA ,181587368,485385179,Rtdeegcsg, Opiy O,2018-09-01,9999-09-09,2019-01-01,2018-09-01,71,PC,OAA50,2649.1500,H1H1,NULL,NULL,100.00,A,2018-09-01,R,TO,R
JHA ,181587368,485385179,Rtdeegcsg, Opiy O,2018-09-01,9999-09-09,2019-02-01,2018-09-01,92,FA,OAA50,2715.3800,H1H1,NULL,NULL,100.00,A,2018-09-01,R,TO,R
JHA ,181587368,485385179,Rtdeegcsg, Opiy O,2018-09-01,9999-09-09,2019-03-01,2018-09-01,04,PJ,OAA50,2783.2600,H1H1,NULL,NULL,100.00,A,2018-09-01,R,TO,R
JHA ,181587368,485385179,Rtdeegcsg, Opiy O,2018-09-01,9999-09-09,2019-04-01,2018-09-01,71,GB,OAA50,2852.8400,H1H1,NULL,NULL,100.00,A,2018-09-01,R,TO,R
JHA ,181587368,485385179,Rtdeegcsg, Opiy O,2018-09-01,9999-09-09,2019-05-01,2018-09-01,06,LC,OAA50,2924.1600,H1H1,NULL,NULL,100.00,A,2018-09-01,R,TO,R
JHA ,181587368,485385179,Rtdeegcsg, Opiy O,2018-09-01,9999-09-09,2018-09-01,2018-09-01,14,PB,OAA50,3296.9900,H1H2,NULL,NULL,100.00,A,2018-09-01,R,TO,R
JHA ,181587368,485385179,Rtdeegcsg, Opiy O,2018-09-01,9999-09-09,2018-11-01,2018-09-01,01,NA,OAA50,3379.4100,H1H2,NULL,NULL,100.00,A,2018-09-01,R,TO,R
JHA ,181587368,485385179,Rtdeegcsg, Opiy O,2018-09-01,9999-09-09,2019-01-01,2018-09-01,71,PC,OAA50,3463.9000,H1H2,NULL,NULL,100.00,A,2018-09-01,R,TO,R
JHA ,181587368,485385179,Rtdeegcsg, Opiy O,2018-09-01,9999-09-09,2019-03-01,2018-09-01,09,PN,OAA50,3550.5000,H1H2,NULL,NULL,100.00,A,2018-09-01,R,TO,R
JHA ,181587368,485385179,Rtdeegcsg, Opiy O,2018-09-01,9999-09-09,2019-05-01,2018-09-01,05,NB,OAA50,3639.2600,H1H2,NULL,NULL,100.00,A,2018-09-01,R,TO,R
JHA ,181587368,485385179,Rtdeegcsg, Opiy O,2018-09-01,9999-09-09,2018-09-01,2018-09-01,13,PD,OAA50,4103.2600,H1H3,NULL,NULL,100.00,A,2018-09-01,R,TO,R
JHA ,181587368,485385179,Rtdeegcsg, Opiy O,2018-09-01,9999-09-09,2018-10-01,2018-09-01,11,KE,OAA50,4205.8400,H1H3,NULL,NULL,100.00,A,2018-09-01,R,TO,R
JHA ,181587368,485385179,Rtdeegcsg, Opiy O,2018-09-01,9999-09-09,2018-11-01,2018-09-01,09,NA,OAA50,4310.9900,H1H3,NULL,NULL,100.00,A,2018-09-01,R,TO,R
JHA ,181587368,485385179,Rtdeegcsg, Opiy O,2018-09-01,9999-09-09,2018-12-01,2018-09-01,97,GA,OAA50,4418.7600,H1H3,NULL,NULL,100.00,A,2018-09-01,R,TO,R
JHA ,181587368,485385179,Rtdeegcsg, Opiy O,2018-09-01,9999-09-09,2019-01-01,2018-09-01,08,PG,OAA50,4529.2300,H1H3,NULL,NULL,100.00,A,2018-09-01,R,TO,R
JHA ,181587368,485385179,Rtdeegcsg, Opiy O,2018-09-01,9999-09-09,2019-02-01,2018-09-01,71,PN,OAA50,4642.4600,H1H3,NULL,NULL,100.00,A,2018-09-01,R,TO,R
JHA ,181587368,485385179,Rtdeegcsg, Opiy O,2018-09-01,9999-09-09,2019-03-01,2018-09-01,91,PG,OAA50,4758.5200,H1H3,NULL,NULL,100.00,A,2018-09-01,R,TO,R
JHA ,181587368,485385179,Rtdeegcsg, Opiy O,2018-09-01,9999-09-09,2018-09-01,2018-09-01,71,PM,OAA50,5365.2300,H1H4,NULL,NULL,100.00,A,2018-09-01,R,TO,R
JHA ,181587368,485385179,Rtdeegcsg, Opiy O,2018-09-01,9999-09-09,2018-11-01,2018-09-01,73,LC,OAA50,5499.3600,H1H4,NULL,NULL,100.00,A,2018-09-01,R,TO,R
JHA ,181587368,485385179,Rtdeegcsg, Opiy O,2018-09-01,9999-09-09,2019-01-01,2018-09-01,91,LB,OAA50,5636.8400,H1H4,NULL,NULL,100.00,A,2018-09-01,R,TO,R
JHA ,181587368,485385179,Rtdeegcsg, Opiy O,2018-09-01,9999-09-09,2019-03-01,2018-09-01,14,PG,OAA50,5777.7600,H1H4,NULL,NULL,100.00,A,2018-09-01,R,TO,R
JHA ,181587368,485385179,Rtdeegcsg, Opiy O,2018-09-01,9999-09-09,2019-05-01,2018-09-01,NULL,KB,OAA50,5922.2000,H1H4,NULL,NULL,100.00,A,2018-09-01,R,TO,R
JHA ,181587368,485385179,Rtdeegcsg, Opiy O,2018-09-01,9999-09-09,2018-09-01,2018-09-01,88,FA,OAA50,6677.2900,H1H5,NULL,NULL,100.00,A,2018-09-01,R,TO,R
JHA ,181587368,485385179,Rtdeegcsg, Opiy O,2018-09-01,9999-09-09,2018-10-01,2018-09-01,13,PB,OAA50,6844.2200,H1H5,NULL,NULL,100.00,A,2018-09-01,R,TO,R
JHA ,181587368,485385179,Rtdeegcsg, Opiy O,2018-09-01,9999-09-09,2018-11-01,2018-09-01,10,PG,OAA50,7015.3300,H1H5,NULL,NULL,100.00,A,2018-09-01,R,TO,R
JHA ,181587368,485385179,Rtdeegcsg, Opiy O,2018-09-01,9999-09-09,2018-12-01,2018-09-01,05,KB,OAA50,7190.7100,H1H5,NULL,NULL,100.00,A,2018-09-01,R,TO,R
JHA ,181587368,485385179,Rtdeegcsg, Opiy O,2018-09-01,9999-09-09,2019-01-01,2018-09-01,14,HA,OAA50,7370.4800,H1H5,NULL,NULL,100.00,A,2018-09-01,R,TO,R
JHA ,181587368,485385179,Rtdeegcsg, Opiy O,2018-09-01,9999-09-09,2019-02-01,2018-09-01,96,HA,OAA50,7554.7400,H1H5,NULL,NULL,100.00,A,2018-09-01,R,TO,R
JHA ,181587368,485385179,Rtdeegcsg, Opiy O,2018-09-01,9999-09-09,2019-03-01,2018-09-01,88,PF,OAA50,7743.6100,H1H5,NULL,NULL,100.00,A,2018-09-01,R,TO,R
JHA ,181587368,485385179,Rtdeegcsg, Opiy O,2018-09-01,9999-09-09,2019-04-01,2018-09-01,11,PD,OAA50,7937.2000,H1H5,NULL,NULL,100.00,A,2018-09-01,R,TO,R
JHA ,181587368,485385179,Rtdeegcsg, Opiy O,2018-09-01,9999-09-09,2019-05-01,2018-09-01,01,HA,OAA50,8135.6300,H1H5,Random Memo,NULL,100.00,A,2018-09-01,R,TO,R
JHA ,181587368,485385179,Rtdeegcsg, Opiy O,2018-09-01,9999-09-09,2019-06-01,2018-09-01,71,NB,OAA50,8339.0200,H1H5,NULL,NULL,100.00,A,2018-09-01,R,TO,R
JHA ,181587368,485385179,Rtdeegcsg, Opiy O,2018-09-01,9999-09-09,2019-07-01,2018-09-01,71,PI,OAA50,8547.5000,H1H5,NULL,NULL,100.00,A,2018-09-01,R,TO,R
JHA ,181587368,485385179,Rtdeegcsg, Opiy O,2018-09-01,9999-09-09,2019-08-01,2018-09-01,02,LC,OAA50,8761.1900,H1H5,NULL,NULL,100.00,A,2018-09-01,R,TO,R
ACA ,892815369,549945701,Jerpmycim, Jxsc Z,2014-01-01,9999-09-09,2014-01-01,2014-01-01,96,PB,BAA59,3900.0000,H1M1,NULL,NULL,43.89,A,2014-01-01,R,M1,R
ACA ,892815369,549945701,Jerpmycim, Jxsc Z,2014-01-01,9999-09-09,2014-05-01,2014-01-01,10,KE,BAA59,3997.5000,H1M1,NULL,NULL,43.89,A,2014-01-01,R,M1,R
ACA ,892815369,549945701,Jerpmycim, Jxsc Z,2014-01-01,9999-09-09,2014-09-01,2014-01-01,06,NB,BAA59,4097.4400,H1M1,NULL,NULL,43.89,A,2014-01-01,R,M1,R
ACA ,892815369,549945701,Jerpmycim, Jxsc Z,2014-01-01,9999-09-09,2015-01-01,2014-01-01,11,PA,BAA59,4199.8800,H1M1,NULL,NULL,43.89,A,2014-01-01,R,M1,R
ACA ,892815369,549945701,Jerpmycim, Jxsc Z,2014-01-01,9999-09-09,2015-05-01,2014-01-01,13,PJ,BAA59,4304.8800,H1M1,NULL,NULL,43.89,A,2014-01-01,R,M1,R
ACA ,892815369,549945701,Jerpmycim, Jxsc Z,2014-01-01,9999-09-09,2015-09-01,2014-01-01,10,FA,BAA59,4412.5000,H1M1,NULL,NULL,43.89,A,2014-01-01,R,M1,R
ACA ,892815369,549945701,Jerpmycim, Jxsc Z,2014-01-01,9999-09-09,2016-01-01,2014-01-01,04,PC,BAA59,4522.8100,H1M1,NULL,NULL,43.89,A,2014-01-01,R,M1,R
ACA ,892815369,549945701,Jerpmycim, Jxsc Z,2014-01-01,9999-09-09,2016-05-01,2014-01-01,13,PN,BAA59,4635.8800,H1M1,NULL,NULL,43.89,A,2014-01-01,R,M1,R
ACA ,892815369,549945701,Jerpmycim, Jxsc Z,2014-01-01,9999-09-09,2014-01-01,2014-01-01,14,LC,BAA59,5226.9600,H1M2,NULL,NULL,43.89,A,2014-01-01,R,M1,R
ACA ,892815369,549945701,Jerpmycim, Jxsc Z,2014-01-01,9999-09-09,2014-06-01,2014-01-01,09,PC,BAA59,5357.6300,H1M2,NULL,NULL,43.89,A,2014-01-01,R,M1,R
ACA ,892815369,549945701,Jerpmycim, Jxsc Z,2014-01-01,9999-09-09,2014-11-01,2014-01-01,07,PO,BAA59,5491.5700,H1M2,NULL,NULL,43.89,A,2014-01-01,R,M1,R
ACA ,892815369,549945701,Jerpmycim, Jxsc Z,2014-01-01,9999-09-09,2015-04-01,2014-01-01,97,PD,BAA59,5628.8600,H1M2,NULL,NULL,43.89,A,2014-01-01,R,M1,R
ACA ,892815369,549945701,Jerpmycim, Jxsc Z,2014-01-01,9999-09-09,2015-09-01,2014-01-01,12,KB,BAA59,5769.5800,H1M2,NULL,NULL,43.89,A,2014-01-01,R,M1,R
ACA ,892815369,549945701,Jerpmycim, Jxsc Z,2014-01-01,9999-09-09,2016-02-01,2014-01-01, ,GB,BAA59,5913.8200,H1M2,NULL,NULL,43.89,A,2014-01-01,R,M1,R
ACA ,892815369,549945701,Jerpmycim, Jxsc Z,2014-01-01,9999-09-09,2016-07-01,2014-01-01,01,LB,BAA59,6061.6700,H1M2,NULL,NULL,43.89,A,2014-01-01,R,M1,R
ACA ,892815369,549945701,Jerpmycim, Jxsc Z,2014-01-01,9999-09-09,2014-01-01,2014-01-01,09,GB,BAA59,6834.5300,H1M3,NULL,NULL,43.89,A,2014-01-01,R,M1,R
ACA ,892815369,549945701,Jerpmycim, Jxsc Z,2014-01-01,9999-09-09,2014-06-01,2014-01-01,91,PE,BAA59,7005.3900,H1M3,NULL,NULL,43.89,A,2014-01-01,R,M1,R
ACA ,892815369,549945701,Jerpmycim, Jxsc Z,2014-01-01,9999-09-09,2014-11-01,2014-01-01,13,PD,BAA59,7180.5200,H1M3,Random Memo,NULL,43.89,A,2014-01-01,R,M1,R
ACA ,892815369,549945701,Jerpmycim, Jxsc Z,2014-01-01,9999-09-09,2015-04-01,2014-01-01,07,LA,BAA59,7360.0300,H1M3,Random Memo,NULL,43.89,A,2014-01-01,R,M1,R
ACA ,892815369,549945701,Jerpmycim, Jxsc Z,2014-01-01,9999-09-09,2015-09-01,2014-01-01,04,PI,BAA59,7544.0300,H1M3,NULL,NULL,43.89,A,2014-01-01,R,M1,R
ACA ,892815369,549945701,Jerpmycim, Jxsc Z,2014-01-01,9999-09-09,2016-02-01,2014-01-01,97,LA,BAA59,7732.6300,H1M3,NULL,NULL,43.89,A,2014-01-01,R,M1,R
ACA ,892815369,549945701,Jerpmycim, Jxsc Z,2014-01-01,9999-09-09,2016-07-01,2014-01-01,94,NB,BAA59,7925.9500,H1M3,NULL,NULL,43.89,A,2014-01-01,R,M1,R
ACA ,892815369,549945701,Jerpmycim, Jxsc Z,2009-12-01,9999-09-09,2009-12-01,2009-02-01,09,PM,CAA08,3300.0000,H7B1,NULL,NULL,100.00,A,2009-12-01,R,M1,R
ACA ,892815369,549945701,Jerpmycim, Jxsc Z,2009-12-01,9999-09-09,2010-05-01,2009-02-01,11,KC,CAA08,3382.5000,H7B1,NULL,NULL,100.00,A,2009-12-01,R,M1,R
ACA ,892815369,549945701,Jerpmycim, Jxsc Z,2009-12-01,9999-09-09,2010-10-01,2009-02-01,03,PI,CAA08,3467.0600,H7B1,NULL,NULL,100.00,A,2009-12-01,R,M1,R
ACA ,892815369,549945701,Jerpmycim, Jxsc Z,2009-12-01,9999-09-09,2011-03-01,2009-02-01,12,KC,CAA08,3553.7400,H7B1,NULL,NULL,100.00,A,2009-12-01,R,M1,R
ACA ,892815369,549945701,Jerpmycim, Jxsc Z,2009-12-01,9999-09-09,2011-08-01,2009-02-01,92,KC,CAA08,3642.5800,H7B1,NULL,NULL,100.00,A,2009-12-01,R,M1,R
ACA ,892815369,549945701,Jerpmycim, Jxsc Z,2009-12-01,9999-09-09,2012-01-01,2009-02-01,14,KB,CAA08,3733.6400,H7B1,NULL,NULL,100.00,A,2009-12-01,R,M1,R
ACA ,892815369,549945701,Jerpmycim, Jxsc Z,2009-12-01,9999-09-09,2012-06-01,2009-02-01,11,NA,CAA08,3826.9800,H7B1,NULL,NULL,100.00,A,2009-12-01,R,M1,R
ACA ,892815369,549945701,Jerpmycim, Jxsc Z,2009-12-01,9999-09-09,2012-11-01,2009-02-01,01,KA,CAA08,3922.6500,H7B1,NULL,NULL,100.00,A,2009-12-01,R,M1,R
ACA ,892815369,549945701,Jerpmycim, Jxsc Z,2009-12-01,9999-09-09,2013-04-01,2009-02-01,10,HA,CAA08,4020.7200,H7B1,Random Memo,NULL,100.00,A,2009-12-01,R,M1,R
ACA ,892815369,549945701,Jerpmycim, Jxsc Z,2009-12-01,9999-09-09,2013-09-01,2009-02-01,10,LB,CAA08,4121.2400,H7B1,NULL,NULL,100.00,A,2009-12-01,R,M1,R
ACA ,892815369,549945701,Jerpmycim, Jxsc Z,2009-12-01,9999-09-09,2014-02-01,2009-02-01,97,LC,CAA08,4224.2700,H7B1,NULL,NULL,100.00,A,2009-12-01,R,M1,R
ACA ,892815369,549945701,Jerpmycim, Jxsc Z,2009-12-01,9999-09-09,2009-12-01,2009-02-01,94,FB,CAA08,4762.8700,H7B2,NULL,NULL,100.00,A,2009-12-01,R,M1,R
ACA ,892815369,549945701,Jerpmycim, Jxsc Z,2009-12-01,9999-09-09,2011-01-01,2009-02-01,98,NB,CAA08,4881.9400,H7B2,NULL,NULL,100.00,A,2009-12-01,R,M1,R
ACA ,892815369,549945701,Jerpmycim, Jxsc Z,2009-12-01,9999-09-09,2012-02-01,2009-02-01,97,LB,CAA08,5003.9900,H7B2,Random Memo,NULL,100.00,A,2009-12-01,R,M1,R
ACA ,892815369,549945701,Jerpmycim, Jxsc Z,2009-12-01,9999-09-09,2013-03-01,2009-02-01,96,PO,CAA08,5129.0900,H7B2,NULL,NULL,100.00,A,2009-12-01,R,M1,R
ACA ,892815369,549945701,Jerpmycim, Jxsc Z,2009-12-01,9999-09-09,2009-12-01,2009-02-01,94,KA,CAA08,5783.0500,H7B3,NULL,NULL,100.00,A,2009-12-01,R,M1,R
ACA ,892815369,549945701,Jerpmycim, Jxsc Z,2009-12-01,9999-09-09,2010-07-01,2009-02-01,98,PO,CAA08,5927.6300,H7B3,Random Memo,NULL,100.00,A,2009-12-01,R,M1,R
ACA ,892815369,549945701,Jerpmycim, Jxsc Z,2009-12-01,9999-09-09,2011-02-01,2009-02-01,04,KA,CAA08,6075.8200,H7B3,NULL,NULL,100.00,A,2009-12-01,R,M1,R
ACA ,892815369,549945701,Jerpmycim, Jxsc Z,2009-12-01,9999-09-09,2011-09-01,2009-02-01,71,GA,CAA08,6227.7200,H7B3,NULL,NULL,100.00,A,2009-12-01,R,M1,R
ACA ,892815369,549945701,Jerpmycim, Jxsc Z,2009-12-01,9999-09-09,2012-04-01,2009-02-01,92,PD,CAA08,6383.4100,H7B3,NULL,NULL,100.00,A,2009-12-01,R,M1,R
ACA ,892815369,549945701,Jerpmycim, Jxsc Z,2009-12-01,9999-09-09,2012-11-01,2009-02-01,14,GB,CAA08,6543.0000,H7B3,NULL,NULL,100.00,A,2009-12-01,R,M1,R
ACA ,892815369,549945701,Jerpmycim, Jxsc Z,2009-12-01,9999-09-09,2013-06-01,2009-02-01,04,  ,CAA08,6706.5800,H7B3,NULL,NULL,100.00,A,2009-12-01,R,M1,R
SKB ,907282522,205174044,Pznwdmrkq, Xru V,2003-05-01,2005-07-01,2003-05-01,2001-05-01,97,PM,GJJ60,1200.0000,A111,NULL,02,100.00,T,2003-05-01,R,T ,T
SKB ,907282522,205174044,Pznwdmrkq, Xru V,2003-05-01,2005-07-01,2003-05-01,2001-05-01,06,FB,GJJ60,1230.0000,A111,NULL,02,100.00,T,2003-05-01,R,T ,T
SKB ,907282522,205174044,Pznwdmrkq, Xru V,2003-05-01,2005-07-01,2003-05-01,2001-05-01,08,PJ,GJJ60,1260.7500,A111,NULL,02,100.00,T,2003-05-01,R,T ,T
SKB ,907282522,205174044,Pznwdmrkq, Xru V,2003-05-01,2005-07-01,2003-05-01,2001-05-01,04,PM,GJJ60,1292.2700,A111,NULL,02,100.00,T,2003-05-01,R,T ,T
SKB ,907282522,205174044,Pznwdmrkq, Xru V,2003-05-01,2005-07-01,2003-05-01,2001-05-01,14,GB,GJJ60,1457.0400,A112,NULL,02,100.00,T,2003-05-01,R,T ,T
SKB ,907282522,205174044,Pznwdmrkq, Xru V,2003-05-01,2005-07-01,2003-05-01,2001-05-01,73,PJ,GJJ60,1493.4700,A112,NULL,02,100.00,T,2003-05-01,R,T ,T
SKB ,907282522,205174044,Pznwdmrkq, Xru V,2003-05-01,2005-07-01,2003-05-01,2001-05-01,01,FB,GJJ60,1530.8100,A112,NULL,02,100.00,T,2003-05-01,R,T ,T
SKB ,907282522,205174044,Pznwdmrkq, Xru V,2003-05-01,2005-07-01,2003-05-01,2001-05-01,72,KE,GJJ60,1569.0800,A112,NULL,02,100.00,T,2003-05-01,R,T ,T
SKB ,907282522,205174044,Pznwdmrkq, Xru V,2003-05-01,2005-07-01,2003-05-01,2001-05-01,08,PO,GJJ60,1769.1400,A113,NULL,02,100.00,T,2003-05-01,R,T ,T
SKB ,907282522,205174044,Pznwdmrkq, Xru V,2003-05-01,2005-07-01,2003-05-01,2001-05-01,11,FB,GJJ60,1813.3700,A113,NULL,02,100.00,T,2003-05-01,R,T ,T
SKB ,907282522,205174044,Pznwdmrkq, Xru V,2003-05-01,2005-07-01,2003-05-01,2001-05-01,88,PI,GJJ60,1858.7000,A113,NULL,02,100.00,T,2003-05-01,R,T ,T
SKB ,907282522,205174044,Pznwdmrkq, Xru V,2003-05-01,2005-07-01,2003-05-01,2001-05-01,97,PN,GJJ60,1905.1700,A113,NULL,02,100.00,T,2003-05-01,R,T ,T
SKB ,907282522,205174044,Pznwdmrkq, Xru V,2003-05-01,2005-07-01,2003-05-01,2001-05-01,71,PI,GJJ60,1952.8000,A113,NULL,02,100.00,T,2003-05-01,R,T ,T
SKB ,907282522,205174044,Pznwdmrkq, Xru V,2003-05-01,2005-07-01,2003-05-01,2001-05-01,NULL,PM,GJJ60,2001.6200,A113,NULL,02,100.00,T,2003-05-01,R,T ,T
SKB ,907282522,205174044,Pznwdmrkq, Xru V,2003-05-01,2005-07-01,2003-05-01,2001-05-01,91,FA,GJJ60,2051.6600,A113,NULL,02,100.00,T,2003-05-01,R,T ,T
SKB ,907282522,205174044,Pznwdmrkq, Xru V,2003-05-01,2005-07-01,2003-05-01,2001-05-01,95,NB,GJJ60,2102.9500,A113,NULL,02,100.00,T,2003-05-01,R,T ,T
SKB ,907282522,205174044,Pznwdmrkq, Xru V,2003-05-01,2005-07-01,2003-05-01,2001-05-01,05,NA,GJJ60,2371.0700,A114,NULL,02,100.00,T,2003-05-01,R,T ,T
SKB ,907282522,205174044,Pznwdmrkq, Xru V,2003-05-01,2005-07-01,2003-05-01,2001-05-01,71,PB,GJJ60,2430.3500,A114,NULL,02,100.00,T,2003-05-01,R,T ,T
SKB ,907282522,205174044,Pznwdmrkq, Xru V,2003-05-01,2005-07-01,2003-05-01,2001-05-01,08,FA,GJJ60,2491.1100,A114,NULL,02,100.00,T,2003-05-01,R,T ,T
SKB ,907282522,205174044,Pznwdmrkq, Xru V,2003-05-01,2005-07-01,2003-05-01,2001-05-01,11,PO,GJJ60,2553.3900,A114,NULL,02,100.00,T,2003-05-01,R,T ,T
SKB ,907282522,205174044,Pznwdmrkq, Xru V,2003-05-01,2005-07-01,2003-05-01,2001-05-01,11,KB,GJJ60,2617.2200,A114,NULL,02,100.00,T,2003-05-01,R,T ,T
SKB ,907282522,205174044,Pznwdmrkq, Xru V,2003-05-01,2005-07-01,2003-05-01,2001-05-01,13,PC,GJJ60,2682.6500,A114,NULL,02,100.00,T,2003-05-01,R,T ,T
SKB ,907282522,205174044,Pznwdmrkq, Xru V,2003-05-01,2005-07-01,2003-05-01,2001-05-01,95,KE,GJJ60,2749.7200,A114,NULL,02,100.00,T,2003-05-01,R,T ,T
SKB ,907282522,205174044,Pznwdmrkq, Xru V,2003-05-01,2005-07-01,2003-05-01,2001-05-01,13,KE,GJJ60,2818.4600,A114,NULL,02,100.00,T,2003-05-01,R,T ,T
SKB ,907282522,205174044,Pznwdmrkq, Xru V,2003-05-01,2005-07-01,2003-05-01,2001-05-01,13,PN,GJJ60,3177.8100,A115,NULL,02,100.00,T,2003-05-01,R,T ,T
SKB ,907282522,205174044,Pznwdmrkq, Xru V,2003-05-01,2005-07-01,2003-05-01,2001-05-01,07,LB,GJJ60,3257.2600,A115,NULL,02,100.00,T,2003-05-01,R,T ,T
SKB ,907282522,205174044,Pznwdmrkq, Xru V,2003-05-01,2005-07-01,2003-05-01,2001-05-01,08,PL,GJJ60,3338.6900,A115,NULL,02,100.00,T,2003-05-01,R,T ,T
SKB ,907282522,205174044,Pznwdmrkq, Xru V,2003-05-01,2005-07-01,2003-05-01,2001-05-01,06,PF,GJJ60,3422.1600,A115,NULL,02,100.00,T,2003-05-01,R,T ,T
SKB ,907282522,205174044,Pznwdmrkq, Xru V,2003-05-01,2005-07-01,2003-05-01,2001-05-01,88,HB,GJJ60,3507.7100,A115,NULL,02,100.00,T,2003-05-01,R,T ,T
SKB ,907282522,205174044,Pznwdmrkq, Xru V,2003-05-01,2005-07-01,2003-05-01,2001-05-01,15,HA,GJJ60,3595.4000,A115,NULL,02,100.00,T,2003-05-01,R,T ,T
SKB ,907282522,205174044,Pznwdmrkq, Xru V,2003-05-01,2005-07-01,2003-05-01,2001-05-01,03,NA,GJJ60,3685.2900,A115,NULL,02,100.00,T,2003-05-01,R,T ,T
SKB ,907282522,205174044,Pznwdmrkq, Xru V,2003-05-01,2005-07-01,2003-05-01,2001-05-01,13,NA,GJJ60,3777.4200,A115,NULL,02,100.00,T,2003-05-01,R,T ,T
SKB ,907282522,205174044,Pznwdmrkq, Xru V,2003-05-01,2005-07-01,2003-05-01,2001-05-01,11,  ,GJJ60,4259.0500,A116,NULL,02,100.00,T,2003-05-01,R,T ,T
SKB ,907282522,205174044,Pznwdmrkq, Xru V,2003-05-01,2005-07-01,2003-06-01,2001-05-01,14,KD,GJJ60,4365.5300,A116,NULL,02,100.00,T,2003-05-01,R,T ,T
SKB ,907282522,205174044,Pznwdmrkq, Xru V,2003-05-01,2005-07-01,2003-07-01,2001-05-01,72,KA,GJJ60,4474.6700,A116,NULL,02,100.00,T,2003-05-01,R,T ,T
SKB ,907282522,205174044,Pznwdmrkq, Xru V,2003-05-01,2005-07-01,2003-05-01,2001-05-01,05,PM,GJJ60,5045.1900,A117,NULL,02,100.00,T,2003-05-01,R,T ,T
SKB ,907282522,205174044,Pznwdmrkq, Xru V,2003-05-01,2005-07-01,2003-05-01,2001-05-01,09,PB,GJJ60,5171.3200,A117,NULL,02,100.00,T,2003-05-01,R,T ,T
SKB ,907282522,205174044,Pznwdmrkq, Xru V,2003-05-01,2005-07-01,2003-05-01,2001-05-01,05,KA,GJJ60,5300.6000,A117,NULL,02,100.00,T,2003-05-01,R,T ,T
SKB ,907282522,205174044,Pznwdmrkq, Xru V,2003-05-01,2005-07-01,2003-05-01,2001-05-01,88,LA,GJJ60,5433.1200,A117,NULL,02,100.00,T,2003-05-01,R,T ,T
SKB ,907282522,205174044,Pznwdmrkq, Xru V,2003-05-01,2005-07-01,2003-05-01,2001-05-01,72,KC,GJJ60,5568.9500,A117,NULL,02,100.00,T,2003-05-01,R,T ,T
SKB ,907282522,205174044,Pznwdmrkq, Xru V,2003-05-01,2005-07-01,2003-05-01,2001-05-01,88,KD,GJJ60,5708.1700,A117,NULL,02,100.00,T,2003-05-01,R,T ,T
SKB ,907282522,205174044,Pznwdmrkq, Xru V,2003-05-01,2005-07-01,2003-05-01,2001-05-01,03,PB,GJJ60,5850.8700,A117,NULL,02,100.00,T,2003-05-01,R,T ,T
SKB ,907282522,205174044,Pznwdmrkq, Xru V,2003-05-01,2005-07-01,2003-05-01,2001-05-01,09,PC,GJJ60,5997.1400,A117,NULL,02,100.00,T,2003-05-01,R,T ,T
SKB ,907282522,205174044,Pznwdmrkq, Xru V,2003-05-01,2005-07-01,2003-05-01,2001-05-01,05,PN,GJJ60,6147.0700,A117,NULL,02,100.00,T,2003-05-01,R,T ,T
SKB ,907282522,205174044,Pznwdmrkq, Xru V,2003-05-01,2005-07-01,2003-05-01,2001-05-01,95,PJ,GJJ60,6300.7500,A117,NULL,02,100.00,T,2003-05-01,R,T ,T
SKB ,907282522,205174044,Pznwdmrkq, Xru V,2003-05-01,2005-07-01,2003-05-01,2001-05-01,80,NULL,GJJ60,6458.2700,A117,NULL,02,100.00,T,2003-05-01,R,T ,T
SKB ,907282522,205174044,Pznwdmrkq, Xru V,2004-11-01,9999-09-09,2004-11-01,2004-11-01,03,PJ,IKA01,2100.0000,A1C1,NULL,NULL,1.63,A,2004-11-01,,T ,R
SKB ,907282522,205174044,Pznwdmrkq, Xru V,2004-11-01,9999-09-09,2005-03-01,2004-11-01,80,HA,IKA01,2152.5000,A1C1,NULL,NULL,1.63,A,2004-11-01,,T ,R
SKB ,907282522,205174044,Pznwdmrkq, Xru V,2004-11-01,9999-09-09,2005-07-01,2004-11-01,01,LA,IKA01,2206.3100,A1C1,NULL,NULL,1.63,A,2004-11-01,,T ,R
SKB ,907282522,205174044,Pznwdmrkq, Xru V,2004-11-01,9999-09-09,2005-11-01,2004-11-01,11,PL,IKA01,2261.4700,A1C1,NULL,NULL,1.63,A,2004-11-01,,T ,R
SKB ,907282522,205174044,Pznwdmrkq, Xru V,2004-11-01,9999-09-09,2006-03-01,2004-11-01,01,LA,IKA01,2318.0100,A1C1,NULL,NULL,1.63,A,2004-11-01,,T ,R
SKB ,907282522,205174044,Pznwdmrkq, Xru V,2004-11-01,9999-09-09,2006-07-01,2004-11-01,01,PC,IKA01,2375.9600,A1C1,NULL,NULL,1.63,A,2004-11-01,,T ,R
SKB ,907282522,205174044,Pznwdmrkq, Xru V,2004-11-01,9999-09-09,2006-11-01,2004-11-01,02,KB,IKA01,2435.3600,A1C1,NULL,NULL,1.63,A,2004-11-01,,T ,R
SKB ,907282522,205174044,Pznwdmrkq, Xru V,2004-11-01,9999-09-09,2004-11-01,2004-11-01,13,LC,IKA01,2745.8600,A1C2,NULL,NULL,1.63,A,2004-11-01,,T ,R
SKB ,907282522,205174044,Pznwdmrkq, Xru V,2004-11-01,9999-09-09,2005-05-01,2004-11-01,10,PF,IKA01,2814.5100,A1C2,NULL,NULL,1.63,A,2004-11-01,,T ,R
SKB ,907282522,205174044,Pznwdmrkq, Xru V,2004-11-01,9999-09-09,2005-11-01,2004-11-01,02,GA,IKA01,2884.8700,A1C2,NULL,NULL,1.63,A,2004-11-01,,T ,R
SKB ,907282522,205174044,Pznwdmrkq, Xru V,2004-11-01,9999-09-09,2006-05-01,2004-11-01,94,PF,IKA01,2956.9900,A1C2,NULL,NULL,1.63,A,2004-11-01,,T ,R
SKB ,907282522,205174044,Pznwdmrkq, Xru V,2004-11-01,9999-09-09,2006-11-01,2004-11-01,94,KA,IKA01,3030.9100,A1C2,NULL,NULL,1.63,A,2004-11-01,,T ,R
SKB ,907282522,205174044,Pznwdmrkq, Xru V,2004-11-01,9999-09-09,2004-11-01,2004-11-01,96,KC,IKA01,3417.3500,A1C3,NULL,NULL,1.63,A,2004-11-01,,T ,R
SKB ,907282522,205174044,Pznwdmrkq, Xru V,2004-11-01,9999-09-09,2005-02-01,2004-11-01,94,PC,IKA01,3502.7800,A1C3,NULL,NULL,1.63,A,2004-11-01,,T ,R
SKB ,907282522,205174044,Pznwdmrkq, Xru V,2004-11-01,9999-09-09,2005-05-01,2004-11-01,08,PA,IKA01,3590.3500,A1C3,NULL,NULL,1.63,A,2004-11-01,,T ,R
SKB ,907282522,205174044,Pznwdmrkq, Xru V,2004-11-01,9999-09-09,2005-08-01,2004-11-01,10,LA,IKA01,3680.1100,A1C3,NULL,NULL,1.63,A,2004-11-01,,T ,R
SKB ,907282522,205174044,Pznwdmrkq, Xru V,2004-11-01,9999-09-09,2005-11-01,2004-11-01,NULL,LA,IKA01,3772.1100,A1C3,Random Memo,NULL,1.63,A,2004-11-01,,T ,R
SKB ,907282522,205174044,Pznwdmrkq, Xru V,2004-11-01,9999-09-09,2006-02-01,2004-11-01,95,NB,IKA01,3866.4100,A1C3,NULL,NULL,1.63,A,2004-11-01,,T ,R
SKB ,907282522,205174044,Pznwdmrkq, Xru V,2004-11-01,9999-09-09,2006-05-01,2004-11-01,97,PL,IKA01,3963.0700,A1C3,NULL,NULL,1.63,A,2004-11-01,,T ,R
SKB ,907282522,205174044,Pznwdmrkq, Xru V,2004-11-01,9999-09-09,2006-08-01,2004-11-01,12,PD,IKA01,4062.1500,A1C3,NULL,NULL,1.63,A,2004-11-01,,T ,R
SKB ,907282522,205174044,Pznwdmrkq, Xru V,2004-11-01,9999-09-09,2006-11-01,2004-11-01,03,PB,IKA01,4163.7000,A1C3,NULL,NULL,1.63,A,2004-11-01,,T ,R
SKB ,907282522,205174044,Pznwdmrkq, Xru V,2004-11-01,9999-09-09,2004-11-01,2004-11-01,88,HA,IKA01,4694.5700,A1C4,NULL,NULL,1.63,A,2004-11-01,,T ,R
SKB ,907282522,205174044,Pznwdmrkq, Xru V,2004-11-01,9999-09-09,2005-01-01,2004-11-01,10,PJ,IKA01,4811.9300,A1C4,NULL,NULL,1.63,A,2004-11-01,,T ,R
SKB ,907282522,205174044,Pznwdmrkq, Xru V,2004-11-01,9999-09-09,2005-03-01,2004-11-01,15,NA,IKA01,4932.2300,A1C4,NULL,NULL,1.63,A,2004-11-01,,T ,R
SKB ,907282522,205174044,Pznwdmrkq, Xru V,2004-11-01,9999-09-09,2005-05-01,2004-11-01,06,LB,IKA01,5055.5400,A1C4,NULL,NULL,1.63,A,2004-11-01,,T ,R
SKB ,907282522,205174044,Pznwdmrkq, Xru V,2004-11-01,9999-09-09,2005-07-01,2004-11-01,  ,PA,IKA01,5181.9300,A1C4,NULL,NULL,1.63,A,2004-11-01,,T ,R
SKB ,907282522,205174044,Pznwdmrkq, Xru V,2004-11-01,9999-09-09,2005-09-01,2004-11-01,09,PE,IKA01,5311.4800,A1C4,NULL,NULL,1.63,A,2004-11-01,,T ,R
SKB ,907282522,205174044,Pznwdmrkq, Xru V,2004-11-01,9999-09-09,2005-11-01,2004-11-01,05,HA,IKA01,5444.2700,A1C4,NULL,NULL,1.63,A,2004-11-01,,T ,R
SKB ,907282522,205174044,Pznwdmrkq, Xru V,2004-11-01,9999-09-09,2006-01-01,2004-11-01,92,FA,IKA01,5580.3800,A1C4,NULL,NULL,1.63,A,2004-11-01,,T ,R
SKB ,907282522,205174044,Pznwdmrkq, Xru V,2004-11-01,9999-09-09,2006-03-01,2004-11-01,98,HA,IKA01,5719.8900,A1C4,NULL,NULL,1.63,A,2004-11-01,,T ,R
SKB ,907282522,205174044,Pznwdmrkq, Xru V,2004-11-01,9999-09-09,2006-05-01,2004-11-01,92,NA,IKA01,5862.8900,A1C4,NULL,NULL,1.63,A,2004-11-01,,T ,R
SKB ,907282522,205174044,Pznwdmrkq, Xru V,2004-11-01,9999-09-09,2006-07-01,2004-11-01,06,HB,IKA01,6009.4600,A1C4,NULL,NULL,1.63,A,2004-11-01,,T ,R
SKB ,907282522,205174044,Pznwdmrkq, Xru V,2004-11-01,9999-09-09,2004-11-01,2004-11-01,94,GA,IKA01,6775.6700,A1C5,NULL,NULL,1.63,A,2004-11-01,,T ,R
SKB ,907282522,205174044,Pznwdmrkq, Xru V,2004-11-01,9999-09-09,2005-07-01,2004-11-01,05,FA,IKA01,6945.0600,A1C5,NULL,NULL,1.63,A,2004-11-01,,T ,R
SKB ,907282522,205174044,Pznwdmrkq, Xru V,2004-11-01,9999-09-09,2006-03-01,2004-11-01,08,PA,IKA01,7118.6900,A1C5,NULL,NULL,1.63,A,2004-11-01,,T ,R
SKB ,907282522,205174044,Pznwdmrkq, Xru V,2004-11-01,9999-09-09,2006-11-01,2004-11-01,92,  ,IKA01,7296.6600,A1C5,NULL,NULL,1.63,A,2004-11-01,,T ,R
SKB ,907282522,205174044,Pznwdmrkq, Xru V,2004-11-01,9999-09-09,2004-11-01,2004-11-01,95,PN,IKA01,8226.9900,A1C6,NULL,NULL,1.63,A,2004-11-01,,T ,R
SKB ,907282522,205174044,Pznwdmrkq, Xru V,2004-11-01,9999-09-09,2005-07-01,2004-11-01,09,FA,IKA01,8432.6600,A1C6,NULL,NULL,1.63,A,2004-11-01,,T ,R
SKB ,907282522,205174044,Pznwdmrkq, Xru V,2004-11-01,9999-09-09,2006-03-01,2004-11-01,08,PL,IKA01,8643.4800,A1C6,NULL,NULL,1.63,A,2004-11-01,,T ,R
SKB ,907282522,205174044,Pznwdmrkq, Xru V,2004-11-01,9999-09-09,2006-11-01,2004-11-01,03,PC,IKA01,8859.5700,A1C6,NULL,NULL,1.63,A,2004-11-01,,T ,R
SKB ,907282522,205174044,Pznwdmrkq, Xru V,2004-11-01,9999-09-09,2004-11-01,2004-11-01,14,LB,IKA01,9989.1700,A1C7,NULL,NULL,1.63,A,2004-11-01,,T ,R
SKB ,907282522,205174044,Pznwdmrkq, Xru V,2004-11-01,9999-09-09,2006-03-01,2004-11-01,05,PD,IKA01,10238.9000,A1C7,NULL,NULL,1.63,A,2004-11-01,,T ,R
SKB ,907282522,205174044,Pznwdmrkq, Xru V,2009-05-01,2020-10-01,2009-05-01,2009-05-01,02,HB,DAA09,1700.0000,RPC1,NULL,70,26.95,T,2009-05-01,R,T ,R
SKB ,907282522,205174044,Pznwdmrkq, Xru V,2009-05-01,2020-10-01,2009-08-01,2009-05-01,08,PB,DAA09,1742.5000,RPC1,NULL,70,26.95,T,2009-05-01,R,T ,R
SKB ,907282522,205174044,Pznwdmrkq, Xru V,2009-05-01,2020-10-01,2009-11-01,2009-05-01,13,KE,DAA09,1786.0600,RPC1,NULL,70,26.95,T,2009-05-01,R,T ,R
SKB ,907282522,205174044,Pznwdmrkq, Xru V,2009-05-01,2020-10-01,2010-02-01,2009-05-01,05,KA,DAA09,1830.7100,RPC1,NULL,70,26.95,T,2009-05-01,R,T ,R
SKB ,907282522,205174044,Pznwdmrkq, Xru V,2009-05-01,2020-10-01,2010-05-01,2009-05-01,05,LC,DAA09,1876.4800,RPC1,NULL,70,26.95,T,2009-05-01,R,T ,R
SKB ,907282522,205174044,Pznwdmrkq, Xru V,2009-05-01,2020-10-01,2010-08-01,2009-05-01,15,PM,DAA09,1923.3900,RPC1,NULL,70,26.95,T,2009-05-01,R,T ,R
SKB ,907282522,205174044,Pznwdmrkq, Xru V,2009-05-01,2020-10-01,2009-05-01,2009-05-01,04,KB,DAA09,2168.6200,RPC2,NULL,70,26.95,T,2009-05-01,R,T ,R
SKB ,907282522,205174044,Pznwdmrkq, Xru V,2009-05-01,2020-10-01,2009-07-01,2009-05-01,13,HA,DAA09,2222.8400,RPC2,NULL,70,26.95,T,2009-05-01,R,T ,R
SKB ,907282522,205174044,Pznwdmrkq, Xru V,2009-05-01,2020-10-01,2009-09-01,2009-05-01,04,FB,DAA09,2278.4100,RPC2,NULL,70,26.95,T,2009-05-01,R,T ,R
SKB ,907282522,205174044,Pznwdmrkq, Xru V,2009-05-01,2020-10-01,2009-11-01,2009-05-01,95,PH,DAA09,2335.3700,RPC2,NULL,70,26.95,T,2009-05-01,R,T ,R
SKB ,907282522,205174044,Pznwdmrkq, Xru V,2009-05-01,2020-10-01,2010-01-01,2009-05-01,91,PJ,DAA09,2393.7500,RPC2,NULL,70,26.95,T,2009-05-01,R,T ,R
SKB ,907282522,205174044,Pznwdmrkq, Xru V,2009-05-01,2020-10-01,2010-03-01,2009-05-01,80,HB,DAA09,2453.5900,RPC2,NULL,70,26.95,T,2009-05-01,R,T ,R
SKB ,907282522,205174044,Pznwdmrkq, Xru V,2009-05-01,2020-10-01,2010-05-01,2009-05-01,13,PG,DAA09,2514.9300,RPC2,NULL,70,26.95,T,2009-05-01,R,T ,R
SKB ,907282522,205174044,Pznwdmrkq, Xru V,2009-05-01,2020-10-01,2010-07-01,2009-05-01,09,NA,DAA09,2577.8000,RPC2,NULL,70,26.95,T,2009-05-01,R,T ,R
SKB ,907282522,205174044,Pznwdmrkq, Xru V,2009-05-01,2020-10-01,2009-05-01,2009-05-01,96,LA,DAA09,2906.4800,RPC3,NULL,70,26.95,T,2009-05-01,R,T ,R
SKB ,907282522,205174044,Pznwdmrkq, Xru V,2009-05-01,2020-10-01,2009-09-01,2009-05-01,12,GA,DAA09,2979.1400,RPC3,NULL,70,26.95,T,2009-05-01,R,T ,R
SKB ,907282522,205174044,Pznwdmrkq, Xru V,2009-05-01,2020-10-01,2010-01-01,2009-05-01,95,PB,DAA09,3053.6200,RPC3,NULL,70,26.95,T,2009-05-01,R,T ,R
SKB ,907282522,205174044,Pznwdmrkq, Xru V,2009-05-01,2020-10-01,2010-05-01,2009-05-01,15,PM,DAA09,3129.9600,RPC3,NULL,70,26.95,T,2009-05-01,R,T ,R
SKB ,907282522,205174044,Pznwdmrkq, Xru V,2009-05-01,2020-10-01,2009-05-01,2009-05-01,04,PH,DAA09,3529.0300,RPC4,NULL,70,26.95,T,2009-05-01,R,T ,R
SKB ,907282522,205174044,Pznwdmrkq, Xru V,2009-05-01,2020-10-01,2009-06-01,2009-05-01,  ,PE,DAA09,3617.2600,RPC4,NULL,70,26.95,T,2009-05-01,R,T ,R
SKB ,907282522,205174044,Pznwdmrkq, Xru V,2009-05-01,2020-10-01,2009-07-01,2009-05-01,07,KC,DAA09,3707.6900,RPC4,NULL,70,26.95,T,2009-05-01,R,T ,R
SKB ,907282522,205174044,Pznwdmrkq, Xru V,2009-05-01,2020-10-01,2009-08-01,2009-05-01,04,PE,DAA09,3800.3800,RPC4,NULL,70,26.95,T,2009-05-01,R,T ,R
SKB ,907282522,205174044,Pznwdmrkq, Xru V,2009-05-01,2020-10-01,2009-09-01,2009-05-01,15,HA,DAA09,3895.3900,RPC4,NULL,70,26.95,T,2009-05-01,R,T ,R
SKB ,907282522,205174044,Pznwdmrkq, Xru V,2009-05-01,2020-10-01,2009-10-01,2009-05-01,95,LB,DAA09,3992.7700,RPC4,NULL,70,26.95,T,2009-05-01,R,T ,R
SKB ,907282522,205174044,Pznwdmrkq, Xru V,2009-05-01,2020-10-01,2009-11-01,2009-05-01,01,LB,DAA09,4092.5900,RPC4,NULL,70,26.95,T,2009-05-01,R,T ,R
SKB ,907282522,205174044,Pznwdmrkq, Xru V,2009-05-01,2020-10-01,2009-12-01,2009-05-01,12,FA,DAA09,4194.9000,RPC4,NULL,70,26.95,T,2009-05-01,R,T ,R
SKB ,907282522,205174044,Pznwdmrkq, Xru V,2009-05-01,2020-10-01,2010-01-01,2009-05-01,91,HA,DAA09,4299.7700,RPC4,NULL,70,26.95,T,2009-05-01,R,T ,R
SKB ,907282522,205174044,Pznwdmrkq, Xru V,2009-05-01,2020-10-01,2010-02-01,2009-05-01,09,GB,DAA09,4407.2600,RPC4,NULL,70,26.95,T,2009-05-01,R,T ,R
SKB ,907282522,205174044,Pznwdmrkq, Xru V,2009-05-01,2020-10-01,2009-05-01,2009-05-01,08,PC,DAA09,4969.1800,RPC5,NULL,70,26.95,T,2009-05-01,R,T ,R
SKB ,907282522,205174044,Pznwdmrkq, Xru V,2009-05-01,2020-10-01,2009-06-01,2009-05-01,NULL,  ,DAA09,5093.4100,RPC5,NULL,70,26.95,T,2009-05-01,R,T ,R
SKB ,907282522,205174044,Pznwdmrkq, Xru V,2009-05-01,2020-10-01,2009-07-01,2009-05-01,96,PI,DAA09,5220.7500,RPC5,NULL,70,26.95,T,2009-05-01,R,T ,R
SKB ,907282522,205174044,Pznwdmrkq, Xru V,2009-05-01,2020-10-01,2009-08-01,2009-05-01,10,GB,DAA09,5351.2700,RPC5,NULL,70,26.95,T,2009-05-01,R,T ,R
SKB ,907282522,205174044,Pznwdmrkq, Xru V,2009-05-01,2020-10-01,2009-09-01,2009-05-01,10,NA,DAA09,5485.0500,RPC5,NULL,70,26.95,T,2009-05-01,R,T ,R
SKB ,907282522,205174044,Pznwdmrkq, Xru V,2009-05-01,2020-10-01,2009-10-01,2009-05-01,10,NULL,DAA09,5622.1800,RPC5,NULL,70,26.95,T,2009-05-01,R,T ,R
SKB ,907282522,205174044,Pznwdmrkq, Xru V,2009-05-01,2020-10-01,2009-11-01,2009-05-01,80,PM,DAA09,5762.7300,RPC5,NULL,70,26.95,T,2009-05-01,R,T ,R
SKB ,907282522,205174044,Pznwdmrkq, Xru V,2009-05-01,2020-10-01,2009-12-01,2009-05-01,91,GA,DAA09,5906.8000,RPC5,NULL,70,26.95,T,2009-05-01,R,T ,R
SKB ,907282522,205174044,Pznwdmrkq, Xru V,2009-05-01,2020-10-01,2010-01-01,2009-05-01,04,NA,DAA09,6054.4700,RPC5,NULL,70,26.95,T,2009-05-01,R,T ,R
SKB ,907282522,205174044,Pznwdmrkq, Xru V,2009-05-01,2020-10-01,2010-02-01,2009-05-01,92,PL,DAA09,6205.8300,RPC5,NULL,70,26.95,T,2009-05-01,R,T ,R
SKB ,907282522,205174044,Pznwdmrkq, Xru V,2009-05-01,2020-10-01,2010-03-01,2009-05-01,95,KC,DAA09,6360.9800,RPC5,NULL,70,26.95,T,2009-05-01,R,T ,R
SKB ,907282522,205174044,Pznwdmrkq, Xru V,2009-05-01,2020-10-01,2010-04-01,2009-05-01,94,PN,DAA09,6520.0000,RPC5,NULL,70,26.95,T,2009-05-01,R,T ,R
SKB ,907282522,205174044,Pznwdmrkq, Xru V,2009-05-01,2020-10-01,2009-05-01,2009-05-01,07,PO,DAA09,7351.3000,RPC6,NULL,70,26.95,T,2009-05-01,R,T ,R
SKB ,907282522,205174044,Pznwdmrkq, Xru V,2009-05-01,2020-10-01,2009-09-01,2009-05-01,98,PO,DAA09,7535.0800,RPC6,NULL,70,26.95,T,2009-05-01,R,T ,R
SKB ,907282522,205174044,Pznwdmrkq, Xru V,2009-05-01,2020-10-01,2010-01-01,2009-05-01,91,GA,DAA09,7723.4600,RPC6,NULL,70,26.95,T,2009-05-01,R,T ,R
SKB ,907282522,205174044,Pznwdmrkq, Xru V,2009-05-01,2020-10-01,2010-05-01,2009-05-01,95,PI,DAA09,7916.5500,RPC6,NULL,70,26.95,T,2009-05-01,R,T ,R
SKB ,907282522,205174044,Pznwdmrkq, Xru V,2009-05-01,2020-10-01,2009-05-01,2009-05-01,98,PJ,DAA09,8925.9100,RPC7,NULL,70,26.95,T,2009-05-01,R,T ,R
SKB ,907282522,205174044,Pznwdmrkq, Xru V,2009-05-01,2020-10-01,2009-11-01,2009-05-01,13,HB,DAA09,9149.0600,RPC7,NULL,70,26.95,T,2009-05-01,R,T ,R
SKB ,907282522,205174044,Pznwdmrkq, Xru V,2009-05-01,2020-10-01,2010-05-01,2009-05-01,94,PL,DAA09,9377.7900,RPC7,Random Memo,70,26.95,T,2009-05-01,R,T ,R
SAA ,734149845,121994951,Hbywddy, Cavdcit S,2002-03-01,9999-09-09,2002-03-01,2002-03-01,92,PM,GJH60,2100.0000,C4L1,NULL,NULL,13.37,A,2002-03-01,R, 9,R
SAA ,734149845,121994951,Hbywddy, Cavdcit S,2002-03-01,9999-09-09,2003-03-01,2002-03-01,14,PI,GJH60,2152.5000,C4L1,NULL,NULL,13.37,A,2002-03-01,R, 9,R
SAA ,734149845,121994951,Hbywddy, Cavdcit S,2002-03-01,9999-09-09,2004-03-01,2002-03-01,07,KB,GJH60,2206.3100,C4L1,NULL,NULL,13.37,A,2002-03-01,R, 9,R
SAA ,734149845,121994951,Hbywddy, Cavdcit S,2002-03-01,9999-09-09,2005-03-01,2002-03-01,97,FA,GJH60,2261.4700,C4L1,NULL,NULL,13.37,A,2002-03-01,R, 9,R
SAA ,734149845,121994951,Hbywddy, Cavdcit S,2002-03-01,9999-09-09,2006-03-01,2002-03-01,14,NULL,GJH60,2318.0100,C4L1,NULL,NULL,13.37,A,2002-03-01,R, 9,R
SAA ,734149845,121994951,Hbywddy, Cavdcit S,2002-03-01,9999-09-09,2007-03-01,2002-03-01,04,PJ,GJH60,2375.9600,C4L1,NULL,NULL,13.37,A,2002-03-01,R, 9,R
SAA ,734149845,121994951,Hbywddy, Cavdcit S,2002-03-01,9999-09-09,2008-03-01,2002-03-01,88,NA,GJH60,2435.3600,C4L1,NULL,NULL,13.37,A,2002-03-01,R, 9,R
SAA ,734149845,121994951,Hbywddy, Cavdcit S,2002-03-01,9999-09-09,2009-03-01,2002-03-01,73,NA,GJH60,2496.2400,C4L1,NULL,NULL,13.37,A,2002-03-01,R, 9,R
SAA ,734149845,121994951,Hbywddy, Cavdcit S,2002-03-01,9999-09-09,2010-03-01,2002-03-01,72,LB,GJH60,2558.6500,C4L1,NULL,NULL,13.37,A,2002-03-01,R, 9,R
SAA ,734149845,121994951,Hbywddy, Cavdcit S,2002-03-01,9999-09-09,2011-03-01,2002-03-01,15,PE,GJH60,2622.6200,C4L1,NULL,NULL,13.37,A,2002-03-01,R, 9,R
SAA ,734149845,121994951,Hbywddy, Cavdcit S,2002-03-01,9999-09-09,2002-03-01,2002-03-01,91,PG,GJH60,2957.0100,C4L2,NULL,NULL,13.37,A,2002-03-01,R, 9,R
SAA ,734149845,121994951,Hbywddy, Cavdcit S,2002-03-01,9999-09-09,2004-04-01,2002-03-01,12,PE,GJH60,3030.9400,C4L2,NULL,NULL,13.37,A,2002-03-01,R, 9,R
SAA ,734149845,121994951,Hbywddy, Cavdcit S,2002-03-01,9999-09-09,2006-05-01,2002-03-01,13,PH,GJH60,3106.7100,C4L2,NULL,NULL,13.37,A,2002-03-01,R, 9,R
SAA ,734149845,121994951,Hbywddy, Cavdcit S,2002-03-01,9999-09-09,2008-06-01,2002-03-01,95,KC,GJH60,3184.3800,C4L2,NULL,NULL,13.37,A,2002-03-01,R, 9,R
SAA ,734149845,121994951,Hbywddy, Cavdcit S,2002-03-01,9999-09-09,2010-07-01,2002-03-01,73,FB,GJH60,3263.9900,C4L2,NULL,NULL,13.37,A,2002-03-01,R, 9,R
JAA ,385389031,924001979,Hntopcyo, Innwqp X,2002-05-01,9999-09-09,2002-05-01,2001-04-01,72,PO,GMA07,1900.0000,D6C1,NULL,NULL,29.79,A,2002-05-01,R,TO,NULL
JAA ,385389031,924001979,Hntopcyo, Innwqp X,2002-05-01,9999-09-09,2002-09-01,2001-04-01,04,PM,GMA07,1947.5000,D6C1,NULL,NULL,29.79,A,2002-05-01,R,TO,NULL
JAA ,385389031,924001979,Hntopcyo, Innwqp X,2002-05-01,9999-09-09,2003-01-01,2001-04-01,14,LB,GMA07,1996.1900,D6C1,NULL,NULL,29.79,A,2002-05-01,R,TO,NULL
JAA ,385389031,924001979,Hntopcyo, Innwqp X,2002-05-01,9999-09-09,2003-05-01,2001-04-01,03,KD,GMA07,2046.0900,D6C1,NULL,NULL,29.79,A,2002-05-01,R,TO,NULL
JAA ,385389031,924001979,Hntopcyo, Innwqp X,2002-05-01,9999-09-09,2003-09-01,2001-04-01,02,PB,GMA07,2097.2400,D6C1,NULL,NULL,29.79,A,2002-05-01,R,TO,NULL
JAA ,385389031,924001979,Hntopcyo, Innwqp X,2002-05-01,9999-09-09,2004-01-01,2001-04-01,98,PE,GMA07,2149.6700,D6C1,NULL,NULL,29.79,A,2002-05-01,R,TO,NULL
JAA ,385389031,924001979,Hntopcyo, Innwqp X,2002-05-01,9999-09-09,2004-05-01,2001-04-01,95,PL,GMA07,2203.4100,D6C1,Random Memo,NULL,29.79,A,2002-05-01,R,TO,NULL
JAA ,385389031,924001979,Hntopcyo, Innwqp X,2002-05-01,9999-09-09,2002-05-01,2001-04-01,06,PF,GMA07,2484.3500,D6C2,NULL,NULL,29.79,A,2002-05-01,R,TO,NULL
JAA ,385389031,924001979,Hntopcyo, Innwqp X,2002-05-01,9999-09-09,2002-08-01,2001-04-01,05,LB,GMA07,2546.4600,D6C2,NULL,NULL,29.79,A,2002-05-01,R,TO,NULL
JAA ,385389031,924001979,Hntopcyo, Innwqp X,2002-05-01,9999-09-09,2002-11-01,2001-04-01,04,PM,GMA07,2610.1200,D6C2,NULL,NULL,29.79,A,2002-05-01,R,TO,NULL
JAA ,385389031,924001979,Hntopcyo, Innwqp X,2002-05-01,9999-09-09,2003-02-01,2001-04-01,94,LB,GMA07,2675.3700,D6C2,NULL,NULL,29.79,A,2002-05-01,R,TO,NULL
JAA ,385389031,924001979,Hntopcyo, Innwqp X,2002-05-01,9999-09-09,2003-05-01,2001-04-01,80,PI,GMA07,2742.2500,D6C2,NULL,NULL,29.79,A,2002-05-01,R,TO,NULL
JAA ,385389031,924001979,Hntopcyo, Innwqp X,2002-05-01,9999-09-09,2003-08-01,2001-04-01,98,PD,GMA07,2810.8100,D6C2,NULL,NULL,29.79,A,2002-05-01,R,TO,NULL
JAA ,385389031,924001979,Hntopcyo, Innwqp X,2002-05-01,9999-09-09,2003-11-01,2001-04-01,92,  ,GMA07,2881.0800,D6C2,NULL,NULL,29.79,A,2002-05-01,R,TO,NULL
JAA ,385389031,924001979,Hntopcyo, Innwqp X,2002-05-01,9999-09-09,2004-02-01,2001-04-01,88,PE,GMA07,2953.1100,D6C2,NULL,NULL,29.79,A,2002-05-01,R,TO,NULL
JAA ,385389031,924001979,Hntopcyo, Innwqp X,2002-05-01,9999-09-09,2004-05-01,2001-04-01,10,PG,GMA07,3026.9400,D6C2,NULL,NULL,29.79,A,2002-05-01,R,TO,NULL
JAA ,385389031,924001979,Hntopcyo, Innwqp X,2002-05-01,9999-09-09,2002-05-01,2001-04-01,12,PI,GMA07,3412.8700,D6C3,NULL,NULL,29.79,A,2002-05-01,R,TO,NULL
JAA ,385389031,924001979,Hntopcyo, Innwqp X,2002-05-01,9999-09-09,2003-09-01,2001-04-01,73,KD,GMA07,3498.1900,D6C3,NULL,NULL,29.79,A,2002-05-01,R,TO,NULL
JAA ,385389031,924001979,Hntopcyo, Innwqp X,2002-05-01,9999-09-09,2002-05-01,2001-04-01,03,PD,GMA07,3944.2000,D6C4,NULL,NULL,29.79,A,2002-05-01,R,TO,NULL
JAA ,385389031,924001979,Hntopcyo, Innwqp X,2002-05-01,9999-09-09,2002-09-01,2001-04-01, ,PG,GMA07,4042.8100,D6C4,NULL,NULL,29.79,A,2002-05-01,R,TO,NULL
JAA ,385389031,924001979,Hntopcyo, Innwqp X,2002-05-01,9999-09-09,2003-01-01,2001-04-01,88,HA,GMA07,4143.8800,D6C4,NULL,NULL,29.79,A,2002-05-01,R,TO,NULL
JAA ,385389031,924001979,Hntopcyo, Innwqp X,2002-05-01,9999-09-09,2003-05-01,2001-04-01,08,PA,GMA07,4247.4800,D6C4,NULL,NULL,29.79,A,2002-05-01,R,TO,NULL
JAA ,385389031,924001979,Hntopcyo, Innwqp X,2002-05-01,9999-09-09,2003-09-01,2001-04-01,02,PJ,GMA07,4353.6700,D6C4,Random Memo,NULL,29.79,A,2002-05-01,R,TO,NULL
JAA ,385389031,924001979,Hntopcyo, Innwqp X,2002-05-01,9999-09-09,2004-01-01,2001-04-01,10,LC,GMA07,4462.5100,D6C4,NULL,NULL,29.79,A,2002-05-01,R,TO,NULL
JAA ,385389031,924001979,Hntopcyo, Innwqp X,2002-05-01,9999-09-09,2004-05-01,2001-04-01,04,KE,GMA07,4574.0700,D6C4,NULL,NULL,29.79,A,2002-05-01,R,TO,NULL
JAA ,385389031,924001979,Hntopcyo, Innwqp X,2002-05-01,9999-09-09,2004-09-01,2001-04-01,11,GB,GMA07,4688.4200,D6C4,NULL,NULL,29.79,A,2002-05-01,R,TO,NULL
JAA ,385389031,924001979,Hntopcyo, Innwqp X,2002-05-01,9999-09-09,2002-05-01,2001-04-01,06,KE,GMA07,5286.1900,D6C5,NULL,NULL,29.79,A,2002-05-01,R,TO,NULL
JAA ,385389031,924001979,Hntopcyo, Innwqp X,2002-05-01,9999-09-09,2003-01-01,2001-04-01,98,HB,GMA07,5418.3400,D6C5,NULL,NULL,29.79,A,2002-05-01,R,TO,NULL
JAA ,385389031,924001979,Hntopcyo, Innwqp X,2002-05-01,9999-09-09,2003-09-01,2001-04-01,91,PG,GMA07,5553.8000,D6C5,Random Memo,NULL,29.79,A,2002-05-01,R,TO,NULL
JAA ,385389031,924001979,Hntopcyo, Innwqp X,2002-05-01,9999-09-09,2004-05-01,2001-04-01,01,PM,GMA07,5692.6500,D6C5,NULL,NULL,29.79,A,2002-05-01,R,TO,NULL
JAA ,385389031,924001979,Hntopcyo, Innwqp X,2002-05-01,9999-09-09,2002-05-01,2001-04-01,15,PL,GMA07,6418.4700,D6C6,NULL,NULL,29.79,A,2002-05-01,R,TO,NULL
JAA ,385389031,924001979,Hntopcyo, Innwqp X,2002-05-01,9999-09-09,2003-01-01,2001-04-01,05,KA,GMA07,6578.9300,D6C6,NULL,NULL,29.79,A,2002-05-01,R,TO,NULL
JAA ,385389031,924001979,Hntopcyo, Innwqp X,2002-05-01,9999-09-09,2003-09-01,2001-04-01,05,GA,GMA07,6743.4000,D6C6,Random Memo,NULL,29.79,A,2002-05-01,R,TO,NULL
JAA ,385389031,924001979,Hntopcyo, Innwqp X,2002-05-01,9999-09-09,2004-05-01,2001-04-01,71,PJ,GMA07,6911.9900,D6C6,NULL,NULL,29.79,A,2002-05-01,R,TO,NULL
JAA ,385389031,924001979,Hntopcyo, Innwqp X,2002-05-01,9999-09-09,2002-05-01,2001-04-01,09,FB,GMA07,7793.2700,D6C7,NULL,NULL,29.79,A,2002-05-01,R,TO,NULL
JAA ,385389031,924001979,Hntopcyo, Innwqp X,2002-05-01,9999-09-09,2002-09-01,2001-04-01,72,PM,GMA07,7988.1000,D6C7,NULL,NULL,29.79,A,2002-05-01,R,TO,NULL
JAA ,385389031,924001979,Hntopcyo, Innwqp X,2002-05-01,9999-09-09,2003-01-01,2001-04-01,80,FA,GMA07,8187.8000,D6C7,NULL,NULL,29.79,A,2002-05-01,R,TO,NULL
JAA ,385389031,924001979,Hntopcyo, Innwqp X,2002-05-01,9999-09-09,2003-05-01,2001-04-01,13,KC,GMA07,8392.5000,D6C7,NULL,NULL,29.79,A,2002-05-01,R,TO,NULL
JAA ,385389031,924001979,Hntopcyo, Innwqp X,2002-05-01,9999-09-09,2003-09-01,2001-04-01,03,NA,GMA07,8602.3100,D6C7,NULL,NULL,29.79,A,2002-05-01,R,TO,NULL
JAA ,385389031,924001979,Hntopcyo, Innwqp X,2002-05-01,9999-09-09,2004-01-01,2001-04-01,73,LA,GMA07,8817.3700,D6C7,NULL,NULL,29.79,A,2002-05-01,R,TO,NULL
JAA ,385389031,924001979,Hntopcyo, Innwqp X,2002-05-01,9999-09-09,2004-05-01,2001-04-01,13,FB,GMA07,9037.8000,D6C7,NULL,NULL,29.79,A,2002-05-01,R,TO,NULL
JAA ,385389031,924001979,Hntopcyo, Innwqp X,2002-05-01,9999-09-09,2002-05-01,2001-04-01,96,KE,GMA07,10190.1300,D6C8,NULL,NULL,29.79,A,2002-05-01,R,TO,NULL
JAA ,385389031,924001979,Hntopcyo, Innwqp X,2002-05-01,9999-09-09,2002-08-01,2001-04-01,80,  ,GMA07,10444.8800,D6C8,NULL,NULL,29.79,A,2002-05-01,R,TO,NULL
JAA ,385389031,924001979,Hntopcyo, Innwqp X,2002-05-01,9999-09-09,2002-11-01,2001-04-01,72,KD,GMA07,10706.0000,D6C8,NULL,NULL,29.79,A,2002-05-01,R,TO,NULL
JAA ,385389031,924001979,Hntopcyo, Innwqp X,2002-05-01,9999-09-09,2003-02-01,2001-04-01,09,PD,GMA07,10973.6500,D6C8,NULL,NULL,29.79,A,2002-05-01,R,TO,NULL
JAA ,385389031,924001979,Hntopcyo, Innwqp X,2002-05-01,9999-09-09,2003-05-01,2001-04-01,12,PN,GMA07,11247.9900,D6C8,NULL,NULL,29.79,A,2002-05-01,R,TO,NULL
JAA ,385389031,924001979,Hntopcyo, Innwqp X,2002-05-01,9999-09-09,2003-08-01,2001-04-01,88,PD,GMA07,11529.1900,D6C8,NULL,NULL,29.79,A,2002-05-01,R,TO,NULL
JAA ,385389031,924001979,Hntopcyo, Innwqp X,2002-05-01,9999-09-09,2003-11-01,2001-04-01,14,KC,GMA07,11817.4200,D6C8,NULL,NULL,29.79,A,2002-05-01,R,TO,NULL
JAA ,385389031,924001979,Hntopcyo, Innwqp X,2002-05-01,9999-09-09,2004-02-01,2001-04-01,94,PL,GMA07,12112.8600,D6C8,NULL,NULL,29.79,A,2002-05-01,R,TO,NULL
JAA ,385389031,924001979,Hntopcyo, Innwqp X,2002-05-01,9999-09-09,2004-05-01,2001-04-01,14,PD,GMA07,12415.6800,D6C8,NULL,NULL,29.79,A,2002-05-01,R,TO,NULL
JAA ,385389031,924001979,Hntopcyo, Innwqp X,2000-02-01,2008-04-01,2000-02-01,1998-12-01,06,HA,GMA07,1800.0000,D8A1,NULL,33,100.00,T,2000-02-01,NULL,TO,R
JAA ,385389031,924001979,Hntopcyo, Innwqp X,2000-02-01,2008-04-01,2000-04-01,1998-12-01,09,PB,GMA07,1845.0000,D8A1,NULL,33,100.00,T,2000-02-01,NULL,TO,R
JAA ,385389031,924001979,Hntopcyo, Innwqp X,2000-02-01,2008-04-01,2000-06-01,1998-12-01,14,KC,GMA07,1891.1300,D8A1,NULL,33,100.00,T,2000-02-01,NULL,TO,R
JAA ,385389031,924001979,Hntopcyo, Innwqp X,2000-02-01,2008-04-01,2000-08-01,1998-12-01,08,KE,GMA07,1938.4100,D8A1,NULL,33,100.00,T,2000-02-01,NULL,TO,R
JAA ,385389031,924001979,Hntopcyo, Innwqp X,2000-02-01,2008-04-01,2000-10-01,1998-12-01,92,LB,GMA07,1986.8700,D8A1,NULL,33,100.00,T,2000-02-01,NULL,TO,R
JAA ,385389031,924001979,Hntopcyo, Innwqp X,2000-02-01,2008-04-01,2000-12-01,1998-12-01,06,KD,GMA07,2036.5400,D8A1,Random Memo,33,100.00,T,2000-02-01,NULL,TO,R
JAA ,385389031,924001979,Hntopcyo, Innwqp X,2000-02-01,2008-04-01,2000-02-01,1998-12-01,14,PE,GMA07,2296.2000,D8A2,NULL,33,100.00,T,2000-02-01,NULL,TO,R
JAA ,385389031,924001979,Hntopcyo, Innwqp X,2000-02-01,2008-04-01,2000-03-01,1998-12-01,72,PC,GMA07,2353.6100,D8A2,NULL,33,100.00,T,2000-02-01,NULL,TO,R
JAA ,385389031,924001979,Hntopcyo, Innwqp X,2000-02-01,2008-04-01,2000-04-01,1998-12-01,13,HA,GMA07,2412.4500,D8A2,NULL,33,100.00,T,2000-02-01,NULL,TO,R
JAA ,385389031,924001979,Hntopcyo, Innwqp X,2000-02-01,2008-04-01,2000-05-01,1998-12-01,96,PO,GMA07,2472.7600,D8A2,NULL,33,100.00,T,2000-02-01,NULL,TO,R
JAA ,385389031,924001979,Hntopcyo, Innwqp X,2000-02-01,2008-04-01,2000-06-01,1998-12-01,07,HA,GMA07,2534.5800,D8A2,NULL,33,100.00,T,2000-02-01,NULL,TO,R
JAA ,385389031,924001979,Hntopcyo, Innwqp X,2000-02-01,2008-04-01,2000-07-01,1998-12-01,15,NULL,GMA07,2597.9400,D8A2,NULL,33,100.00,T,2000-02-01,NULL,TO,R
JAA ,385389031,924001979,Hntopcyo, Innwqp X,2000-02-01,2008-04-01,2000-08-01,1998-12-01,12,KC,GMA07,2662.8900,D8A2,NULL,33,100.00,T,2000-02-01,NULL,TO,R
JAA ,385389031,924001979,Hntopcyo, Innwqp X,2000-02-01,2008-04-01,2000-09-01,1998-12-01,05,PG,GMA07,2729.4600,D8A2,Random Memo,33,100.00,T,2000-02-01,NULL,TO,R
JAA ,385389031,924001979,Hntopcyo, Innwqp X,2000-02-01,2008-04-01,2000-10-01,1998-12-01,01,KC,GMA07,2797.7000,D8A2,NULL,33,100.00,T,2000-02-01,NULL,TO,R
JAA ,385389031,924001979,Hntopcyo, Innwqp X,2000-02-01,2008-04-01,2000-02-01,1998-12-01,80,NA,GMA07,3154.4000,D8A3,NULL,33,100.00,T,2000-02-01,NULL,TO,R
JAA ,385389031,924001979,Hntopcyo, Innwqp X,2000-02-01,2008-04-01,2000-04-01,1998-12-01,88,PE,GMA07,3233.2600,D8A3,NULL,33,100.00,T,2000-02-01,NULL,TO,R
JAA ,385389031,924001979,Hntopcyo, Innwqp X,2000-02-01,2008-04-01,2000-06-01,1998-12-01,94,KB,GMA07,3314.0900,D8A3,NULL,33,100.00,T,2000-02-01,NULL,TO,R
JAA ,385389031,924001979,Hntopcyo, Innwqp X,2000-02-01,2008-04-01,2000-08-01,1998-12-01,02,HB,GMA07,3396.9400,D8A3,NULL,33,100.00,T,2000-02-01,NULL,TO,R
JAA ,385389031,924001979,Hntopcyo, Innwqp X,2000-02-01,2008-04-01,2000-10-01,1998-12-01,  ,KE,GMA07,3481.8600,D8A3,Random Memo,33,100.00,T,2000-02-01,NULL,TO,R
JAA ,385389031,924001979,Hntopcyo, Innwqp X,2000-02-01,2008-04-01,2000-02-01,1998-12-01,15,PD,GMA07,3925.8000,D8A4,NULL,33,100.00,T,2000-02-01,NULL,TO,R
JAA ,385389031,924001979,Hntopcyo, Innwqp X,2000-02-01,2008-04-01,2000-04-01,1998-12-01,73,HB,GMA07,4023.9500,D8A4,NULL,33,100.00,T,2000-02-01,NULL,TO,R
JAA ,385389031,924001979,Hntopcyo, Innwqp X,2000-02-01,2008-04-01,2000-06-01,1998-12-01,12,PB,GMA07,4124.5500,D8A4,NULL,33,100.00,T,2000-02-01,NULL,TO,R
JAA ,385389031,924001979,Hntopcyo, Innwqp X,2000-02-01,2008-04-01,2000-08-01,1998-12-01,96,  ,GMA07,4227.6600,D8A4,NULL,33,100.00,T,2000-02-01,NULL,TO,R
JAA ,385389031,924001979,Hntopcyo, Innwqp X,2000-02-01,2008-04-01,2000-10-01,1998-12-01,88,PB,GMA07,4333.3500,D8A4,NULL,33,100.00,T,2000-02-01,NULL,TO,R
JAA ,385389031,924001979,Hntopcyo, Innwqp X,2000-02-01,2008-04-01,2000-12-01,1998-12-01,71,PJ,GMA07,4441.6800,D8A4,NULL,33,100.00,T,2000-02-01,NULL,TO,R
JAA ,385389031,924001979,Hntopcyo, Innwqp X,2000-02-01,2008-04-01,2000-02-01,1998-12-01,94,KB,GMA07,5007.9900,D8A5,NULL,33,100.00,T,2000-02-01,NULL,TO,R
JAA ,385389031,924001979,Hntopcyo, Innwqp X,2000-02-01,2008-04-01,2000-06-01,1998-12-01,97,HA,GMA07,5133.1900,D8A5,NULL,33,100.00,T,2000-02-01,NULL,TO,R
JAA ,385389031,924001979,Hntopcyo, Innwqp X,2000-02-01,2008-04-01,2000-10-01,1998-12-01,97,KC,GMA07,5261.5200,D8A5,NULL,33,100.00,T,2000-02-01,NULL,TO,R
JAA ,385389031,924001979,Hntopcyo, Innwqp X,2000-02-01,2008-04-01,2000-02-01,1998-12-01,73,PM,GMA07,5932.3700,D8A6,NULL,33,100.00,T,2000-02-01,NULL,TO,R
JAA ,385389031,924001979,Hntopcyo, Innwqp X,2000-02-01,2008-04-01,2000-03-01,1998-12-01,13,HA,GMA07,6080.6800,D8A6,NULL,33,100.00,T,2000-02-01,NULL,TO,R
JAA ,385389031,924001979,Hntopcyo, Innwqp X,2000-02-01,2008-04-01,2000-04-01,1998-12-01,01,PE,GMA07,6232.7000,D8A6,NULL,33,100.00,T,2000-02-01,NULL,TO,R
JAA ,385389031,924001979,Hntopcyo, Innwqp X,2000-02-01,2008-04-01,2000-05-01,1998-12-01,02,PO,GMA07,6388.5200,D8A6,NULL,33,100.00,T,2000-02-01,NULL,TO,R
JAA ,385389031,924001979,Hntopcyo, Innwqp X,2000-02-01,2008-04-01,2000-06-01,1998-12-01,97,PF,GMA07,6548.2300,D8A6,NULL,33,100.00,T,2000-02-01,NULL,TO,R
JAA ,385389031,924001979,Hntopcyo, Innwqp X,2000-02-01,2008-04-01,2000-07-01,1998-12-01,12,NA,GMA07,6711.9400,D8A6,NULL,33,100.00,T,2000-02-01,NULL,TO,R
JAA ,385389031,924001979,Hntopcyo, Innwqp X,2000-02-01,2008-04-01,2000-08-01,1998-12-01,08,KB,GMA07,6879.7400,D8A6,NULL,33,100.00,T,2000-02-01,NULL,TO,R
JAA ,385389031,924001979,Hntopcyo, Innwqp X,2000-02-01,2008-04-01,2000-09-01,1998-12-01,08,KB,GMA07,7051.7300,D8A6,NULL,33,100.00,T,2000-02-01,NULL,TO,R
JAA ,385389031,924001979,Hntopcyo, Innwqp X,2000-02-01,2008-04-01,2000-10-01,1998-12-01,14,PG,GMA07,7228.0200,D8A6,NULL,33,100.00,T,2000-02-01,NULL,TO,R
JAA ,385389031,924001979,Hntopcyo, Innwqp X,2000-02-01,2008-04-01,2000-11-01,1998-12-01,97,PM,GMA07,7408.7200,D8A6,NULL,33,100.00,T,2000-02-01,NULL,TO,R
JAA ,385389031,924001979,Hntopcyo, Innwqp X,2000-02-01,2008-04-01,2000-02-01,1998-12-01,05,PL,GMA07,8353.3300,D8A7,NULL,33,100.00,T,2000-02-01,NULL,TO,R
JAA ,385389031,924001979,Hntopcyo, Innwqp X,2000-02-01,2008-04-01,2000-03-01,1998-12-01,11,FB,GMA07,8562.1600,D8A7,NULL,33,100.00,T,2000-02-01,NULL,TO,R
JAA ,385389031,924001979,Hntopcyo, Innwqp X,2000-02-01,2008-04-01,2000-04-01,1998-12-01,91,KB,GMA07,8776.2100,D8A7,NULL,33,100.00,T,2000-02-01,NULL,TO,R
JAA ,385389031,924001979,Hntopcyo, Innwqp X,2000-02-01,2008-04-01,2000-05-01,1998-12-01,80,NA,GMA07,8995.6200,D8A7,NULL,33,100.00,T,2000-02-01,NULL,TO,R
JAA ,385389031,924001979,Hntopcyo, Innwqp X,2000-02-01,2008-04-01,2000-06-01,1998-12-01,80,LC,GMA07,9220.5100,D8A7,NULL,33,100.00,T,2000-02-01,NULL,TO,R
JAA ,385389031,924001979,Hntopcyo, Innwqp X,2000-02-01,2008-04-01,2000-07-01,1998-12-01,14,PO,GMA07,9451.0200,D8A7,NULL,33,100.00,T,2000-02-01,NULL,TO,R
JAA ,385389031,924001979,Hntopcyo, Innwqp X,2000-02-01,2008-04-01,2000-08-01,1998-12-01,98,PI,GMA07,9687.3000,D8A7,NULL,33,100.00,T,2000-02-01,NULL,TO,R
JAA ,385389031,924001979,Hntopcyo, Innwqp X,2000-02-01,2008-04-01,2000-09-01,1998-12-01,15,KD,GMA07,9929.4800,D8A7,NULL,33,100.00,T,2000-02-01,NULL,TO,R
JAA ,385389031,924001979,Hntopcyo, Innwqp X,2000-02-01,2008-04-01,2000-10-01,1998-12-01,07,GB,GMA07,10177.7200,D8A7,NULL,33,100.00,T,2000-02-01,NULL,TO,R
JAA ,385389031,924001979,Hntopcyo, Innwqp X,2000-02-01,2008-04-01,2000-02-01,1998-12-01,91,FA,GMA07,11475.3800,D8A8,NULL,33,100.00,T,2000-02-01,NULL,TO,R
JAA ,385389031,924001979,Hntopcyo, Innwqp X,2000-02-01,2008-04-01,2000-03-01,1998-12-01,07,KC,GMA07,11762.2600,D8A8,NULL,33,100.00,T,2000-02-01,NULL,TO,R
JAA ,385389031,924001979,Hntopcyo, Innwqp X,2000-02-01,2008-04-01,2000-04-01,1998-12-01,02,PN,GMA07,12056.3200,D8A8,NULL,33,100.00,T,2000-02-01,NULL,TO,R
JAA ,385389031,924001979,Hntopcyo, Innwqp X,2000-02-01,2008-04-01,2000-05-01,1998-12-01,96,PD,GMA07,12357.7300,D8A8,NULL,33,100.00,T,2000-02-01,NULL,TO,R
JAA ,385389031,924001979,Hntopcyo, Innwqp X,2000-02-01,2008-04-01,2000-06-01,1998-12-01,73,KB,GMA07,12666.6700,D8A8,Random Memo,33,100.00,T,2000-02-01,NULL,TO,R
JAA ,385389031,924001979,Hntopcyo, Innwqp X,2000-02-01,2008-04-01,2000-07-01,1998-12-01,01,NB,GMA07,12983.3400,D8A8,Random Memo,33,100.00,T,2000-02-01,NULL,TO,R
JAA ,385389031,924001979,Hntopcyo, Innwqp X,2000-02-01,2008-04-01,2000-08-01,1998-12-01,88,LB,GMA07,13307.9200,D8A8,NULL,33,100.00,T,2000-02-01,NULL,TO,R
JAA ,385389031,924001979,Hntopcyo, Innwqp X,2000-02-01,2008-04-01,2000-09-01,1998-12-01,98,LC,GMA07,13640.6200,D8A8,NULL,33,100.00,T,2000-02-01,NULL,TO,R
SJF ,484001052,320635036,Ptsksjj, Zpcit Y,2005-06-01,9999-09-09,2005-06-01,2004-07-01,02,PM,GJT64,36.0000,H8D1,NULL,NULL,100.00,A,2005-06-01,H,S2,T
SJF ,484001052,320635036,Ptsksjj, Zpcit Y,2005-06-01,9999-09-09,2006-01-01,2004-07-01,91,PA,GJT64,36.9000,H8D1,NULL,NULL,100.00,A,2005-06-01,H,S2,T
SJF ,484001052,320635036,Ptsksjj, Zpcit Y,2005-06-01,9999-09-09,2006-08-01,2004-07-01,15,FB,GJT64,37.8200,H8D1,NULL,NULL,100.00,A,2005-06-01,H,S2,T
SJF ,484001052,320635036,Ptsksjj, Zpcit Y,2005-06-01,9999-09-09,2007-03-01,2004-07-01,09,KC,GJT64,38.7700,H8D1,NULL,NULL,100.00,A,2005-06-01,H,S2,T
SJF ,484001052,320635036,Ptsksjj, Zpcit Y,2005-06-01,9999-09-09,2007-10-01,2004-07-01,04,KB,GJT64,39.7400,H8D1,NULL,NULL,100.00,A,2005-06-01,H,S2,T
SJF ,484001052,320635036,Ptsksjj, Zpcit Y,2005-06-01,9999-09-09,2008-05-01,2004-07-01,10,NA,GJT64,40.7300,H8D1,NULL,NULL,100.00,A,2005-06-01,H,S2,T
SJF ,484001052,320635036,Ptsksjj, Zpcit Y,2005-06-01,9999-09-09,2008-12-01,2004-07-01,11,PM,GJT64,41.7500,H8D1,NULL,NULL,100.00,A,2005-06-01,H,S2,T
SJF ,484001052,320635036,Ptsksjj, Zpcit Y,2005-06-01,9999-09-09,2005-06-01,2004-07-01,08,FA,GJT64,47.0700,H8D2,NULL,NULL,100.00,A,2005-06-01,H,S2,T
SJF ,484001052,320635036,Ptsksjj, Zpcit Y,2005-06-01,9999-09-09,2006-07-01,2004-07-01,91,FB,GJT64,48.2500,H8D2,NULL,NULL,100.00,A,2005-06-01,H,S2,T
SJF ,484001052,320635036,Ptsksjj, Zpcit Y,2005-06-01,9999-09-09,2007-08-01,2004-07-01,73,NB,GJT64,49.4600,H8D2,NULL,NULL,100.00,A,2005-06-01,H,S2,T
SJF ,484001052,320635036,Ptsksjj, Zpcit Y,2005-06-01,9999-09-09,2008-09-01,2004-07-01,NULL,KD,GJT64,50.7000,H8D2,NULL,NULL,100.00,A,2005-06-01,H,S2,T
SJF ,484001052,320635036,Ptsksjj, Zpcit Y,2005-06-01,9999-09-09,2005-06-01,2004-07-01,72,KD,GJT64,57.1700,H8D3,NULL,NULL,100.00,A,2005-06-01,H,S2,T
SJF ,484001052,320635036,Ptsksjj, Zpcit Y,2005-06-01,9999-09-09,2006-01-01,2004-07-01,03,KC,GJT64,58.6000,H8D3,NULL,NULL,100.00,A,2005-06-01,H,S2,T
SJF ,484001052,320635036,Ptsksjj, Zpcit Y,2005-06-01,9999-09-09,2006-08-01,2004-07-01,92,PD,GJT64,60.0700,H8D3,NULL,NULL,100.00,A,2005-06-01,H,S2,T
SJF ,484001052,320635036,Ptsksjj, Zpcit Y,2005-06-01,9999-09-09,2007-03-01,2004-07-01,98,PN,GJT64,61.5700,H8D3,NULL,NULL,100.00,A,2005-06-01,H,S2,T
SJF ,484001052,320635036,Ptsksjj, Zpcit Y,2005-06-01,9999-09-09,2007-10-01,2004-07-01,NULL,LA,GJT64,63.1100,H8D3,NULL,NULL,100.00,A,2005-06-01,H,S2,T
SJF ,484001052,320635036,Ptsksjj, Zpcit Y,2005-06-01,9999-09-09,2008-05-01,2004-07-01,06,PH,GJT64,64.6900,H8D3,NULL,NULL,100.00,A,2005-06-01,H,S2,T
SJF ,484001052,320635036,Ptsksjj, Zpcit Y,2005-06-01,9999-09-09,2008-12-01,2004-07-01,80,PN,GJT64,66.3100,H8D3,NULL,NULL,100.00,A,2005-06-01,H,S2,T
SJF ,484001052,320635036,Ptsksjj, Zpcit Y,2005-06-01,9999-09-09,2005-06-01,2004-07-01,02,PB,GJT64,74.7700,H8D4,NULL,NULL,100.00,A,2005-06-01,H,S2,T
SJF ,484001052,320635036,Ptsksjj, Zpcit Y,2005-06-01,9999-09-09,2006-03-01,2004-07-01,13,NB,GJT64,76.6400,H8D4,Random Memo,NULL,100.00,A,2005-06-01,H,S2,T
SJF ,484001052,320635036,Ptsksjj, Zpcit Y,2005-06-01,9999-09-09,2006-12-01,2004-07-01,06,PN,GJT64,78.5600,H8D4,NULL,NULL,100.00,A,2005-06-01,H,S2,T
SJF ,484001052,320635036,Ptsksjj, Zpcit Y,2005-06-01,9999-09-09,2007-09-01,2004-07-01,88,PJ,GJT64,80.5200,H8D4,NULL,NULL,100.00,A,2005-06-01,H,S2,T
SJF ,484001052,320635036,Ptsksjj, Zpcit Y,2005-06-01,9999-09-09,2008-06-01,2004-07-01,72,NA,GJT64,82.5300,H8D4,NULL,NULL,100.00,A,2005-06-01,H,S2,T
SJF ,484001052,320635036,Ptsksjj, Zpcit Y,2005-06-01,9999-09-09,2009-03-01,2004-07-01,03,KA,GJT64,84.5900,H8D4,NULL,NULL,100.00,A,2005-06-01,H,S2,T
AQF ,377366920,136398846,Nzplqdnsvnw, Zmhpjsyn L,2018-11-01,9999-09-09,2018-11-01,2017-10-01,07,PG,GJB66,3700.0000,A9A1,Random Memo,NULL,30.70,A,2018-11-01,R, 9,R
AQF ,377366920,136398846,Nzplqdnsvnw, Zmhpjsyn L,2018-11-01,9999-09-09,2018-11-01,2017-10-01,10,GB,GJB66,3792.5000,A9A1,NULL,NULL,30.70,A,2018-11-01,R, 9,R
AQF ,377366920,136398846,Nzplqdnsvnw, Zmhpjsyn L,2018-11-01,9999-09-09,2018-11-01,2017-10-01,11,PO,GJB66,3887.3100,A9A1,NULL,NULL,30.70,A,2018-11-01,R, 9,R
AQF ,377366920,136398846,Nzplqdnsvnw, Zmhpjsyn L,2018-11-01,9999-09-09,2018-11-01,2017-10-01,02,NA,GJB66,3984.4900,A9A1,NULL,NULL,30.70,A,2018-11-01,R, 9,R
AQF ,377366920,136398846,Nzplqdnsvnw, Zmhpjsyn L,2018-11-01,9999-09-09,2018-11-01,2017-10-01,11,PJ,GJB66,4084.1000,A9A1,NULL,NULL,30.70,A,2018-11-01,R, 9,R
AQF ,377366920,136398846,Nzplqdnsvnw, Zmhpjsyn L,2018-11-01,9999-09-09,2018-11-01,2017-10-01,88,KC,GJB66,4186.2000,A9A1,NULL,NULL,30.70,A,2018-11-01,R, 9,R
AQF ,377366920,136398846,Nzplqdnsvnw, Zmhpjsyn L,2018-11-01,9999-09-09,2018-11-01,2017-10-01,03,PH,GJB66,4290.8600,A9A1,NULL,NULL,30.70,A,2018-11-01,R, 9,R
AQF ,377366920,136398846,Nzplqdnsvnw, Zmhpjsyn L,2018-11-01,9999-09-09,2018-11-01,2017-10-01,98,PH,GJB66,4398.1300,A9A1,NULL,NULL,30.70,A,2018-11-01,R, 9,R
AQF ,377366920,136398846,Nzplqdnsvnw, Zmhpjsyn L,2018-11-01,9999-09-09,2018-11-01,2017-10-01,72,LC,GJB66,4508.0800,A9A1,NULL,NULL,30.70,A,2018-11-01,R, 9,R
AQF ,377366920,136398846,Nzplqdnsvnw, Zmhpjsyn L,2018-11-01,9999-09-09,2018-11-01,2017-10-01,09,NB,GJB66,4620.7800,A9A1,NULL,NULL,30.70,A,2018-11-01,R, 9,R
AQF ,377366920,136398846,Nzplqdnsvnw, Zmhpjsyn L,2018-11-01,9999-09-09,2018-11-01,2017-10-01,73,HA,GJB66,5209.9300,A9A2,NULL,NULL,30.70,A,2018-11-01,R, 9,R
AQF ,377366920,136398846,Nzplqdnsvnw, Zmhpjsyn L,2018-11-01,9999-09-09,2018-12-01,2017-10-01,92,KE,GJB66,5340.1800,A9A2,NULL,NULL,30.70,A,2018-11-01,R, 9,R
AQF ,377366920,136398846,Nzplqdnsvnw, Zmhpjsyn L,2018-11-01,9999-09-09,2019-01-01,2017-10-01,11,GB,GJB66,5473.6800,A9A2,NULL,NULL,30.70,A,2018-11-01,R, 9,R
AQF ,377366920,136398846,Nzplqdnsvnw, Zmhpjsyn L,2018-11-01,9999-09-09,2019-02-01,2017-10-01,72,PC,GJB66,5610.5200,A9A2,NULL,NULL,30.70,A,2018-11-01,R, 9,R
AQF ,377366920,136398846,Nzplqdnsvnw, Zmhpjsyn L,2018-11-01,9999-09-09,2019-03-01,2017-10-01,91,KC,GJB66,5750.7800,A9A2,NULL,NULL,30.70,A,2018-11-01,R, 9,R
AQF ,377366920,136398846,Nzplqdnsvnw, Zmhpjsyn L,2018-11-01,9999-09-09,2019-04-01,2017-10-01,98,PA,GJB66,5894.5500,A9A2,NULL,NULL,30.70,A,2018-11-01,R, 9,R
AQF ,377366920,136398846,Nzplqdnsvnw, Zmhpjsyn L,2018-11-01,9999-09-09,2019-05-01,2017-10-01,73,PJ,GJB66,6041.9100,A9A2,NULL,NULL,30.70,A,2018-11-01,R, 9,R
AQF ,377366920,136398846,Nzplqdnsvnw, Zmhpjsyn L,2018-11-01,9999-09-09,2018-11-01,2017-10-01,10,PJ,GJB66,6812.2600,A9A3,NULL,NULL,30.70,A,2018-11-01,R, 9,R
AQF ,377366920,136398846,Nzplqdnsvnw, Zmhpjsyn L,2018-11-01,9999-09-09,2018-11-01,2017-10-01,14,FA,GJB66,6982.5700,A9A3,NULL,NULL,30.70,A,2018-11-01,R, 9,R
AQF ,377366920,136398846,Nzplqdnsvnw, Zmhpjsyn L,2018-11-01,9999-09-09,2018-11-01,2017-10-01,04,PD,GJB66,7157.1300,A9A3,NULL,NULL,30.70,A,2018-11-01,R, 9,R
AQF ,377366920,136398846,Nzplqdnsvnw, Zmhpjsyn L,2018-11-01,9999-09-09,2018-11-01,2017-10-01,15,PH,GJB66,7336.0600,A9A3,Random Memo,NULL,30.70,A,2018-11-01,R, 9,R
AQF ,377366920,136398846,Nzplqdnsvnw, Zmhpjsyn L,2018-11-01,9999-09-09,2018-11-01,2017-10-01,07,PO,GJB66,7519.4600,A9A3,NULL,NULL,30.70,A,2018-11-01,R, 9,R
AQF ,377366920,136398846,Nzplqdnsvnw, Zmhpjsyn L,2018-11-01,9999-09-09,2018-11-01,2017-10-01,04,KD,GJB66,7707.4500,A9A3,NULL,NULL,30.70,A,2018-11-01,R, 9,R
AQF ,377366920,136398846,Nzplqdnsvnw, Zmhpjsyn L,2018-11-01,9999-09-09,2018-11-01,2017-10-01,98,GB,GJB66,7900.1400,A9A3,NULL,NULL,30.70,A,2018-11-01,R, 9,R
AQF ,377366920,136398846,Nzplqdnsvnw, Zmhpjsyn L,2018-11-01,9999-09-09,2018-11-01,2017-10-01,05,PA,GJB66,8097.6400,A9A3,NULL,NULL,30.70,A,2018-11-01,R, 9,R
AQF ,377366920,136398846,Nzplqdnsvnw, Zmhpjsyn L,2018-11-01,9999-09-09,2018-11-01,2017-10-01,72,KB,GJB66,8300.0800,A9A3,NULL,NULL,30.70,A,2018-11-01,R, 9,R
AQF ,377366920,136398846,Nzplqdnsvnw, Zmhpjsyn L,2018-11-01,9999-09-09,2018-11-01,2017-10-01, ,KD,GJB66,8507.5800,A9A3,NULL,NULL,30.70,A,2018-11-01,R, 9,R
AQF ,377366920,136398846,Nzplqdnsvnw, Zmhpjsyn L,2018-11-01,9999-09-09,2018-11-01,2017-10-01,04,HB,GJB66,8720.2700,A9A3,NULL,NULL,30.70,A,2018-11-01,R, 9,R
AQF ,377366920,136398846,Nzplqdnsvnw, Zmhpjsyn L,2018-11-01,9999-09-09,2018-11-01,2017-10-01,73,PJ,GJB66,8938.2800,A9A3,NULL,NULL,30.70,A,2018-11-01,R, 9,R
AQF ,377366920,136398846,Nzplqdnsvnw, Zmhpjsyn L,2018-11-01,9999-09-09,2018-11-01,2017-10-01,01,PJ,GJB66,10077.9100,A9A4,NULL,NULL,30.70,A,2018-11-01,R, 9,R
AQF ,377366920,136398846,Nzplqdnsvnw, Zmhpjsyn L,2018-11-01,9999-09-09,2019-01-01,2017-10-01,03,PA,GJB66,10329.8600,A9A4,NULL,NULL,30.70,A,2018-11-01,R, 9,R
AQF ,377366920,136398846,Nzplqdnsvnw, Zmhpjsyn L,2018-11-01,9999-09-09,2019-03-01,2017-10-01,01,PM,GJB66,10588.1100,A9A4,NULL,NULL,30.70,A,2018-11-01,R, 9,R
AQF ,377366920,136398846,Nzplqdnsvnw, Zmhpjsyn L,2018-11-01,9999-09-09,2019-05-01,2017-10-01,06,NB,GJB66,10852.8100,A9A4,NULL,NULL,30.70,A,2018-11-01,R, 9,R
AQF ,377366920,136398846,Nzplqdnsvnw, Zmhpjsyn L,2018-11-01,9999-09-09,2018-11-01,2017-10-01,96,NULL,GJB66,12236.5400,A9A5,NULL,NULL,30.70,A,2018-11-01,R, 9,R
AQF ,377366920,136398846,Nzplqdnsvnw, Zmhpjsyn L,2018-11-01,9999-09-09,2018-11-01,2017-10-01,10,PH,GJB66,12542.4500,A9A5,NULL,NULL,30.70,A,2018-11-01,R, 9,R
AQF ,377366920,136398846,Nzplqdnsvnw, Zmhpjsyn L,2018-11-01,9999-09-09,2018-11-01,2017-10-01,72,NB,GJB66,12856.0100,A9A5,NULL,NULL,30.70,A,2018-11-01,R, 9,R
AQF ,377366920,136398846,Nzplqdnsvnw, Zmhpjsyn L,2018-11-01,9999-09-09,2018-11-01,2017-10-01,09,PB,GJB66,13177.4100,A9A5,NULL,NULL,30.70,A,2018-11-01,R, 9,R
AQF ,377366920,136398846,Nzplqdnsvnw, Zmhpjsyn L,2018-11-01,9999-09-09,2018-11-01,2017-10-01,13,GA,GJB66,13506.8500,A9A5,NULL,NULL,30.70,A,2018-11-01,R, 9,R
AQF ,377366920,136398846,Nzplqdnsvnw, Zmhpjsyn L,2018-11-01,9999-09-09,2018-11-01,2017-10-01,03,PD,GJB66,13844.5200,A9A5,NULL,NULL,30.70,A,2018-11-01,R, 9,R
AQF ,377366920,136398846,Nzplqdnsvnw, Zmhpjsyn L,2018-11-01,9999-09-09,2018-11-01,2017-10-01,04,HA,GJB66,14190.6300,A9A5,NULL,NULL,30.70,A,2018-11-01,R, 9,R
AQF ,377366920,136398846,Nzplqdnsvnw, Zmhpjsyn L,2018-11-01,9999-09-09,2018-11-01,2017-10-01,03,PF,GJB66,14545.4000,A9A5,NULL,NULL,30.70,A,2018-11-01,R, 9,R
AQF ,377366920,136398846,Nzplqdnsvnw, Zmhpjsyn L,2018-11-01,9999-09-09,2018-11-01,2017-10-01,98,PG,GJB66,14909.0400,A9A5,NULL,NULL,30.70,A,2018-11-01,R, 9,R
AQF ,377366920,136398846,Nzplqdnsvnw, Zmhpjsyn L,2018-11-01,9999-09-09,2018-11-01,2017-10-01,94,NB,GJB66,15281.7700,A9A5,NULL,NULL,30.70,A,2018-11-01,R, 9,R
AQF ,377366920,136398846,Nzplqdnsvnw, Zmhpjsyn L,2018-11-01,9999-09-09,2018-11-01,2017-10-01,91,KA,GJB66,17230.1900,A9A6,NULL,NULL,30.70,A,2018-11-01,R, 9,R
AQF ,377366920,136398846,Nzplqdnsvnw, Zmhpjsyn L,2018-11-01,9999-09-09,2018-12-01,2017-10-01,05,PL,GJB66,17660.9400,A9A6,Random Memo,NULL,30.70,A,2018-11-01,R, 9,R
AQF ,377366920,136398846,Nzplqdnsvnw, Zmhpjsyn L,2018-11-01,9999-09-09,2019-01-01,2017-10-01,10,PI,GJB66,18102.4600,A9A6,NULL,NULL,30.70,A,2018-11-01,R, 9,R
AQF ,377366920,136398846,Nzplqdnsvnw, Zmhpjsyn L,2018-11-01,9999-09-09,2019-02-01,2017-10-01,94,KD,GJB66,18555.0200,A9A6,NULL,NULL,30.70,A,2018-11-01,R, 9,R
AQF ,377366920,136398846,Nzplqdnsvnw, Zmhpjsyn L,2018-11-01,9999-09-09,2019-03-01,2017-10-01,97,LC,GJB66,19018.9000,A9A6,NULL,NULL,30.70,A,2018-11-01,R, 9,R
AQF ,377366920,136398846,Nzplqdnsvnw, Zmhpjsyn L,2018-11-01,9999-09-09,2019-04-01,2017-10-01,80,PH,GJB66,19494.3700,A9A6,NULL,NULL,30.70,A,2018-11-01,R, 9,R
AQF ,377366920,136398846,Nzplqdnsvnw, Zmhpjsyn L,2015-02-01,2020-01-01,2015-02-01,2015-02-01,15,PD,GJJ30,1900.0000,C6R1,NULL,02,26.09,T,2015-02-01,R, 9,R
AQF ,377366920,136398846,Nzplqdnsvnw, Zmhpjsyn L,2015-02-01,2020-01-01,2015-04-01,2015-02-01,88,NB,GJJ30,1947.5000,C6R1,NULL,02,26.09,T,2015-02-01,R, 9,R
AQF ,377366920,136398846,Nzplqdnsvnw, Zmhpjsyn L,2015-02-01,2020-01-01,2015-06-01,2015-02-01,94,KD,GJJ30,1996.1900,C6R1,NULL,02,26.09,T,2015-02-01,R, 9,R
AQF ,377366920,136398846,Nzplqdnsvnw, Zmhpjsyn L,2015-02-01,2020-01-01,2015-08-01,2015-02-01,95,PD,GJJ30,2046.0900,C6R1,NULL,02,26.09,T,2015-02-01,R, 9,R
AQF ,377366920,136398846,Nzplqdnsvnw, Zmhpjsyn L,2015-02-01,2020-01-01,2015-02-01,2015-02-01,12,GB,GJJ30,2306.9600,C6R2,NULL,02,26.09,T,2015-02-01,R, 9,R
AQF ,377366920,136398846,Nzplqdnsvnw, Zmhpjsyn L,2015-02-01,2020-01-01,2015-02-01,2015-02-01,06,PA,GJJ30,2364.6300,C6R2,NULL,02,26.09,T,2015-02-01,R, 9,R
AQF ,377366920,136398846,Nzplqdnsvnw, Zmhpjsyn L,2015-02-01,2020-01-01,2015-02-01,2015-02-01,88,PO,GJJ30,2423.7500,C6R2,NULL,02,26.09,T,2015-02-01,R, 9,R
AQF ,377366920,136398846,Nzplqdnsvnw, Zmhpjsyn L,2015-02-01,2020-01-01,2015-02-01,2015-02-01,13,LA,GJJ30,2484.3400,C6R2,NULL,02,26.09,T,2015-02-01,R, 9,R
AQF ,377366920,136398846,Nzplqdnsvnw, Zmhpjsyn L,2015-02-01,2020-01-01,2015-02-01,2015-02-01,09,FB,GJJ30,2546.4500,C6R2,NULL,02,26.09,T,2015-02-01,R, 9,R
AQF ,377366920,136398846,Nzplqdnsvnw, Zmhpjsyn L,2015-02-01,2020-01-01,2015-02-01,2015-02-01,72,PM,GJJ30,2610.1100,C6R2,NULL,02,26.09,T,2015-02-01,R, 9,R
AQF ,377366920,136398846,Nzplqdnsvnw, Zmhpjsyn L,2015-02-01,2020-01-01,2015-02-01,2015-02-01,94,PM,GJJ30,2675.3600,C6R2,NULL,02,26.09,T,2015-02-01,R, 9,R
AQF ,377366920,136398846,Nzplqdnsvnw, Zmhpjsyn L,2015-02-01,2020-01-01,2015-02-01,2015-02-01,08,PD,GJJ30,2742.2400,C6R2,NULL,02,26.09,T,2015-02-01,R, 9,R
AQF ,377366920,136398846,Nzplqdnsvnw, Zmhpjsyn L,2015-02-01,2020-01-01,2015-02-01,2015-02-01,91,LB,GJJ30,2810.8000,C6R2,NULL,02,26.09,T,2015-02-01,R, 9,R
AQF ,377366920,136398846,Nzplqdnsvnw, Zmhpjsyn L,2015-02-01,2020-01-01,2015-02-01,2015-02-01,92,PI,GJJ30,2881.0700,C6R2,Random Memo,02,26.09,T,2015-02-01,R, 9,R
AQF ,377366920,136398846,Nzplqdnsvnw, Zmhpjsyn L,2015-02-01,2020-01-01,2015-02-01,2015-02-01,NULL,FA,GJJ30,3248.4100,C6R3,NULL,02,26.09,T,2015-02-01,R, 9,R
AQF ,377366920,136398846,Nzplqdnsvnw, Zmhpjsyn L,2015-02-01,2020-01-01,2015-03-01,2015-02-01,12,PB,GJJ30,3329.6200,C6R3,NULL,02,26.09,T,2015-02-01,R, 9,R
AQF ,377366920,136398846,Nzplqdnsvnw, Zmhpjsyn L,2015-02-01,2020-01-01,2015-04-01,2015-02-01,94,FA,GJJ30,3412.8600,C6R3,NULL,02,26.09,T,2015-02-01,R, 9,R
AQF ,377366920,136398846,Nzplqdnsvnw, Zmhpjsyn L,2015-02-01,2020-01-01,2015-05-01,2015-02-01,94,KB,GJJ30,3498.1800,C6R3,NULL,02,26.09,T,2015-02-01,R, 9,R
AQF ,377366920,136398846,Nzplqdnsvnw, Zmhpjsyn L,2015-02-01,2020-01-01,2015-06-01,2015-02-01,04,  ,GJJ30,3585.6300,C6R3,NULL,02,26.09,T,2015-02-01,R, 9,R
AQF ,377366920,136398846,Nzplqdnsvnw, Zmhpjsyn L,2015-02-01,2020-01-01,2015-02-01,2015-02-01,03,KA,GJJ30,4042.8000,C6R4,NULL,02,26.09,T,2015-02-01,R, 9,R
AQF ,377366920,136398846,Nzplqdnsvnw, Zmhpjsyn L,2015-02-01,2020-01-01,2015-02-01,2015-02-01,80,FB,GJJ30,4143.8700,C6R4,NULL,02,26.09,T,2015-02-01,R, 9,R
AQF ,377366920,136398846,Nzplqdnsvnw, Zmhpjsyn L,2015-02-01,2020-01-01,2015-02-01,2015-02-01,14,PM,GJJ30,4247.4700,C6R4,NULL,02,26.09,T,2015-02-01,R, 9,R
AQF ,377366920,136398846,Nzplqdnsvnw, Zmhpjsyn L,2015-02-01,2020-01-01,2015-02-01,2015-02-01,97,PE,GJJ30,4353.6600,C6R4,NULL,02,26.09,T,2015-02-01,R, 9,R
AQF ,377366920,136398846,Nzplqdnsvnw, Zmhpjsyn L,2015-02-01,2020-01-01,2015-02-01,2015-02-01,05,FA,GJJ30,4462.5000,C6R4,NULL,02,26.09,T,2015-02-01,R, 9,R
AQF ,377366920,136398846,Nzplqdnsvnw, Zmhpjsyn L,2015-02-01,2020-01-01,2015-02-01,2015-02-01,NULL,LC,GJJ30,4574.0600,C6R4,NULL,02,26.09,T,2015-02-01,R, 9,R
AQF ,377366920,136398846,Nzplqdnsvnw, Zmhpjsyn L,2015-02-01,2020-01-01,2015-02-01,2015-02-01,92,HB,GJJ30,4688.4100,C6R4,NULL,02,26.09,T,2015-02-01,R, 9,R
AQF ,377366920,136398846,Nzplqdnsvnw, Zmhpjsyn L,2015-02-01,2020-01-01,2015-02-01,2015-02-01,02,PO,GJJ30,4805.6200,C6R4,NULL,02,26.09,T,2015-02-01,R, 9,R
AQF ,377366920,136398846,Nzplqdnsvnw, Zmhpjsyn L,2015-02-01,2020-01-01,2015-02-01,2015-02-01,02,LC,GJJ30,4925.7600,C6R4,NULL,02,26.09,T,2015-02-01,R, 9,R
AQF ,377366920,136398846,Nzplqdnsvnw, Zmhpjsyn L,2015-02-01,2020-01-01,2015-02-01,2015-02-01,09,PM,GJJ30,5048.9000,C6R4,NULL,02,26.09,T,2015-02-01,R, 9,R
AQF ,377366920,136398846,Nzplqdnsvnw, Zmhpjsyn L,2015-02-01,2020-01-01,2015-02-01,2015-02-01,95,PL,GJJ30,5175.1200,C6R4,NULL,02,26.09,T,2015-02-01,R, 9,R
AQF ,377366920,136398846,Nzplqdnsvnw, Zmhpjsyn L,2015-02-01,2020-01-01,2015-02-01,2015-02-01,14,PA,GJJ30,5834.9500,C6R5,NULL,02,26.09,T,2015-02-01,R, 9,R
AQF ,377366920,136398846,Nzplqdnsvnw, Zmhpjsyn L,2015-02-01,2020-01-01,2015-06-01,2015-02-01,72,PM,GJJ30,5980.8200,C6R5,NULL,02,26.09,T,2015-02-01,R, 9,R
AQF ,377366920,136398846,Nzplqdnsvnw, Zmhpjsyn L,2015-02-01,2020-01-01,2015-02-01,2015-02-01,11,PD,GJJ30,6743.3700,C6R6,NULL,02,26.09,T,2015-02-01,R, 9,R
AQF ,377366920,136398846,Nzplqdnsvnw, Zmhpjsyn L,2015-02-01,2020-01-01,2015-02-01,2015-02-01,10,LC,GJJ30,6911.9500,C6R6,NULL,02,26.09,T,2015-02-01,R, 9,R
AQF ,377366920,136398846,Nzplqdnsvnw, Zmhpjsyn L,2015-02-01,2020-01-01,2015-02-01,2015-02-01,10,PF,GJJ30,7084.7500,C6R6,NULL,02,26.09,T,2015-02-01,R, 9,R
AQF ,377366920,136398846,Nzplqdnsvnw, Zmhpjsyn L,2015-02-01,2020-01-01,2015-02-01,2015-02-01,15,KA,GJJ30,7261.8700,C6R6,NULL,02,26.09,T,2015-02-01,R, 9,R
AQF ,377366920,136398846,Nzplqdnsvnw, Zmhpjsyn L,2015-02-01,2020-01-01,2015-02-01,2015-02-01,13,KE,GJJ30,7443.4200,C6R6,NULL,02,26.09,T,2015-02-01,R, 9,R
AQF ,377366920,136398846,Nzplqdnsvnw, Zmhpjsyn L,2015-02-01,2020-01-01,2015-02-01,2015-02-01,05,GB,GJJ30,7629.5100,C6R6,NULL,02,26.09,T,2015-02-01,R, 9,R
AQF ,377366920,136398846,Nzplqdnsvnw, Zmhpjsyn L,2015-02-01,2020-01-01,2015-02-01,2015-02-01,14,NB,GJJ30,7820.2500,C6R6,NULL,02,26.09,T,2015-02-01,R, 9,R
AQF ,377366920,136398846,Nzplqdnsvnw, Zmhpjsyn L,2015-02-01,2020-01-01,2015-02-01,2015-02-01,13,PB,GJJ30,8015.7600,C6R6,NULL,02,26.09,T,2015-02-01,R, 9,R
AQF ,377366920,136398846,Nzplqdnsvnw, Zmhpjsyn L,2015-02-01,2020-01-01,2015-02-01,2015-02-01,06,PM,GJJ30,8216.1500,C6R6,NULL,02,26.09,T,2015-02-01,R, 9,R
AQF ,377366920,136398846,Nzplqdnsvnw, Zmhpjsyn L,2015-02-01,2020-01-01,2015-02-01,2015-02-01,72,KE,GJJ30,8421.5500,C6R6,NULL,02,26.09,T,2015-02-01,R, 9,R
AQF ,377366920,136398846,Nzplqdnsvnw, Zmhpjsyn L,2013-05-01,9999-09-09,2013-05-01,2013-05-01,96,LA,GJD60,3400.0000,RPF1,NULL,NULL,24.76,A,2013-05-01,R, 9,R
AQF ,377366920,136398846,Nzplqdnsvnw, Zmhpjsyn L,2013-05-01,9999-09-09,2013-10-01,2013-05-01,72,PO,GJD60,3485.0000,RPF1,NULL,NULL,24.76,A,2013-05-01,R, 9,R
AQF ,377366920,136398846,Nzplqdnsvnw, Zmhpjsyn L,2013-05-01,9999-09-09,2014-03-01,2013-05-01,94,NA,GJD60,3572.1300,RPF1,NULL,NULL,24.76,A,2013-05-01,R, 9,R
AQF ,377366920,136398846,Nzplqdnsvnw, Zmhpjsyn L,2013-05-01,9999-09-09,2014-08-01,2013-05-01,95,KD,GJD60,3661.4300,RPF1,NULL,NULL,24.76,A,2013-05-01,R, 9,R
AQF ,377366920,136398846,Nzplqdnsvnw, Zmhpjsyn L,2013-05-01,9999-09-09,2013-05-01,2013-05-01,15,PB,GJD60,4128.2700,RPF2,NULL,NULL,24.76,A,2013-05-01,R, 9,R
AQF ,377366920,136398846,Nzplqdnsvnw, Zmhpjsyn L,2013-05-01,9999-09-09,2013-07-01,2013-05-01,02,GA,GJD60,4231.4800,RPF2,NULL,NULL,24.76,A,2013-05-01,R, 9,R
AQF ,377366920,136398846,Nzplqdnsvnw, Zmhpjsyn L,2013-05-01,9999-09-09,2013-09-01,2013-05-01,71,PN,GJD60,4337.2700,RPF2,NULL,NULL,24.76,A,2013-05-01,R, 9,R
AQF ,377366920,136398846,Nzplqdnsvnw, Zmhpjsyn L,2013-05-01,9999-09-09,2013-11-01,2013-05-01,11,LA,GJD60,4445.7000,RPF2,NULL,NULL,24.76,A,2013-05-01,R, 9,R
AQF ,377366920,136398846,Nzplqdnsvnw, Zmhpjsyn L,2013-05-01,9999-09-09,2014-01-01,2013-05-01,NULL,GA,GJD60,4556.8400,RPF2,NULL,NULL,24.76,A,2013-05-01,R, 9,R
AQF ,377366920,136398846,Nzplqdnsvnw, Zmhpjsyn L,2013-05-01,9999-09-09,2014-03-01,2013-05-01,13,KB,GJD60,4670.7600,RPF2,NULL,NULL,24.76,A,2013-05-01,R, 9,R
AQF ,377366920,136398846,Nzplqdnsvnw, Zmhpjsyn L,2013-05-01,9999-09-09,2014-05-01,2013-05-01,96,PI,GJD60,4787.5300,RPF2,NULL,NULL,24.76,A,2013-05-01,R, 9,R
AQF ,377366920,136398846,Nzplqdnsvnw, Zmhpjsyn L,2013-05-01,9999-09-09,2014-07-01,2013-05-01,15,KD,GJD60,4907.2200,RPF2,NULL,NULL,24.76,A,2013-05-01,R, 9,R
AQF ,377366920,136398846,Nzplqdnsvnw, Zmhpjsyn L,2013-05-01,9999-09-09,2013-05-01,2013-05-01,80,PL,GJD60,5532.8900,RPF3,NULL,NULL,24.76,A,2013-05-01,R, 9,R
AQF ,377366920,136398846,Nzplqdnsvnw, Zmhpjsyn L,2013-05-01,9999-09-09,2013-06-01,2013-05-01,80,FA,GJD60,5671.2100,RPF3,NULL,NULL,24.76,A,2013-05-01,R, 9,R
AQF ,377366920,136398846,Nzplqdnsvnw, Zmhpjsyn L,2013-05-01,9999-09-09,2013-07-01,2013-05-01,80,PD,GJD60,5812.9900,RPF3,NULL,NULL,24.76,A,2013-05-01,R, 9,R
AQF ,377366920,136398846,Nzplqdnsvnw, Zmhpjsyn L,2013-05-01,9999-09-09,2013-08-01,2013-05-01,06,NB,GJD60,5958.3100,RPF3,NULL,NULL,24.76,A,2013-05-01,R, 9,R
AQF ,377366920,136398846,Nzplqdnsvnw, Zmhpjsyn L,2013-05-01,9999-09-09,2013-09-01,2013-05-01,06,PM,GJD60,6107.2700,RPF3,Random Memo,NULL,24.76,A,2013-05-01,R, 9,R
AQF ,377366920,136398846,Nzplqdnsvnw, Zmhpjsyn L,2013-05-01,9999-09-09,2013-10-01,2013-05-01,95,KD,GJD60,6259.9500,RPF3,NULL,NULL,24.76,A,2013-05-01,R, 9,R
AQF ,377366920,136398846,Nzplqdnsvnw, Zmhpjsyn L,2013-05-01,9999-09-09,2013-11-01,2013-05-01,15,KC,GJD60,6416.4500,RPF3,NULL,NULL,24.76,A,2013-05-01,R, 9,R
AQF ,377366920,136398846,Nzplqdnsvnw, Zmhpjsyn L,2013-05-01,9999-09-09,2013-12-01,2013-05-01,97,NB,GJD60,6576.8600,RPF3,NULL,NULL,24.76,A,2013-05-01,R, 9,R
AQF ,377366920,136398846,Nzplqdnsvnw, Zmhpjsyn L,2013-05-01,9999-09-09,2014-01-01,2013-05-01,94,PJ,GJD60,6741.2800,RPF3,NULL,NULL,24.76,A,2013-05-01,R, 9,R
AQF ,377366920,136398846,Nzplqdnsvnw, Zmhpjsyn L,2013-05-01,9999-09-09,2014-02-01,2013-05-01,95,PO,GJD60,6909.8100,RPF3,NULL,NULL,24.76,A,2013-05-01,R, 9,R
AQF ,377366920,136398846,Nzplqdnsvnw, Zmhpjsyn L,2013-05-01,9999-09-09,2014-03-01,2013-05-01,95,KE,GJD60,7082.5600,RPF3,NULL,NULL,24.76,A,2013-05-01,R, 9,R
AQF ,377366920,136398846,Nzplqdnsvnw, Zmhpjsyn L,2013-05-01,9999-09-09,2013-05-01,2013-05-01,91,PL,GJD60,7985.5800,RPF4,Random Memo,NULL,24.76,A,2013-05-01,R, 9,R
AQF ,377366920,136398846,Nzplqdnsvnw, Zmhpjsyn L,2013-05-01,9999-09-09,2013-07-01,2013-05-01,10,PL,GJD60,8185.2200,RPF4,NULL,NULL,24.76,A,2013-05-01,R, 9,R
AQF ,377366920,136398846,Nzplqdnsvnw, Zmhpjsyn L,2013-05-01,9999-09-09,2013-09-01,2013-05-01,01,PF,GJD60,8389.8500,RPF4,NULL,NULL,24.76,A,2013-05-01,R, 9,R
AQF ,377366920,136398846,Nzplqdnsvnw, Zmhpjsyn L,2013-05-01,9999-09-09,2013-11-01,2013-05-01,03,FA,GJD60,8599.6000,RPF4,NULL,NULL,24.76,A,2013-05-01,R, 9,R
AQF ,377366920,136398846,Nzplqdnsvnw, Zmhpjsyn L,2013-05-01,9999-09-09,2014-01-01,2013-05-01,09,LC,GJD60,8814.5900,RPF4,NULL,NULL,24.76,A,2013-05-01,R, 9,R
AQF ,377366920,136398846,Nzplqdnsvnw, Zmhpjsyn L,2013-05-01,9999-09-09,2014-03-01,2013-05-01,91,NULL,GJD60,9034.9500,RPF4,NULL,NULL,24.76,A,2013-05-01,R, 9,R
AQF ,377366920,136398846,Nzplqdnsvnw, Zmhpjsyn L,2013-05-01,9999-09-09,2014-05-01,2013-05-01,06,NULL,GJD60,9260.8200,RPF4,NULL,NULL,24.76,A,2013-05-01,R, 9,R
AQF ,377366920,136398846,Nzplqdnsvnw, Zmhpjsyn L,2013-05-01,9999-09-09,2014-07-01,2013-05-01,97,KD,GJD60,9492.3400,RPF4,NULL,NULL,24.76,A,2013-05-01,R, 9,R
AQF ,377366920,136398846,Nzplqdnsvnw, Zmhpjsyn L,2013-05-01,9999-09-09,2013-05-01,2013-05-01,72,FB,GJD60,10702.6200,RPF5,NULL,NULL,24.76,A,2013-05-01,R, 9,R
AQF ,377366920,136398846,Nzplqdnsvnw, Zmhpjsyn L,2013-05-01,9999-09-09,2013-06-01,2013-05-01,14,HB,GJD60,10970.1900,RPF5,NULL,NULL,24.76,A,2013-05-01,R, 9,R
AQF ,377366920,136398846,Nzplqdnsvnw, Zmhpjsyn L,2013-05-01,9999-09-09,2013-07-01,2013-05-01,08,PC,GJD60,11244.4400,RPF5,NULL,NULL,24.76,A,2013-05-01,R, 9,R
AQF ,377366920,136398846,Nzplqdnsvnw, Zmhpjsyn L,2013-05-01,9999-09-09,2013-08-01,2013-05-01,14,HA,GJD60,11525.5500,RPF5,NULL,NULL,24.76,A,2013-05-01,R, 9,R
AQF ,377366920,136398846,Nzplqdnsvnw, Zmhpjsyn L,2013-05-01,9999-09-09,2013-09-01,2013-05-01,08,KE,GJD60,11813.6900,RPF5,NULL,NULL,24.76,A,2013-05-01,R, 9,R
AQF ,377366920,136398846,Nzplqdnsvnw, Zmhpjsyn L,2013-05-01,9999-09-09,2013-10-01,2013-05-01,11,PA,GJD60,12109.0300,RPF5,NULL,NULL,24.76,A,2013-05-01,R, 9,R
AQF ,377366920,136398846,Nzplqdnsvnw, Zmhpjsyn L,2013-05-01,9999-09-09,2013-11-01,2013-05-01,94,PL,GJD60,12411.7600,RPF5,NULL,NULL,24.76,A,2013-05-01,R, 9,R
AQF ,377366920,136398846,Nzplqdnsvnw, Zmhpjsyn L,2013-05-01,9999-09-09,2013-12-01,2013-05-01,94,PC,GJD60,12722.0500,RPF5,NULL,NULL,24.76,A,2013-05-01,R, 9,R
AQF ,377366920,136398846,Nzplqdnsvnw, Zmhpjsyn L,2013-05-01,9999-09-09,2014-01-01,2013-05-01,07,GB,GJD60,13040.1000,RPF5,NULL,NULL,24.76,A,2013-05-01,R, 9,R
AQF ,377366920,136398846,Nzplqdnsvnw, Zmhpjsyn L,2013-05-01,9999-09-09,2014-02-01,2013-05-01,95,PD,GJD60,13366.1000,RPF5,NULL,NULL,24.76,A,2013-05-01,R, 9,R
AQF ,377366920,136398846,Nzplqdnsvnw, Zmhpjsyn L,2013-05-01,9999-09-09,2014-03-01,2013-05-01,71,KE,GJD60,13700.2500,RPF5,NULL,NULL,24.76,A,2013-05-01,R, 9,R
AQF ,377366920,136398846,Nzplqdnsvnw, Zmhpjsyn L,2013-05-01,9999-09-09,2014-04-01,2013-05-01,11,PC,GJD60,14042.7600,RPF5,NULL,NULL,24.76,A,2013-05-01,R, 9,R
AQF ,377366920,136398846,Nzplqdnsvnw, Zmhpjsyn L,2013-05-01,9999-09-09,2013-05-01,2013-05-01,96,PN,GJD60,15833.2100,RPF6,NULL,NULL,24.76,A,2013-05-01,R, 9,R
AQF ,377366920,136398846,Nzplqdnsvnw, Zmhpjsyn L,2013-05-01,9999-09-09,2013-06-01,2013-05-01,71,KC,GJD60,16229.0400,RPF6,Random Memo,NULL,24.76,A,2013-05-01,R, 9,R
AQF ,377366920,136398846,Nzplqdnsvnw, Zmhpjsyn L,2013-05-01,9999-09-09,2013-07-01,2013-05-01,10,PB,GJD60,16634.7700,RPF6,NULL,NULL,24.76,A,2013-05-01,R, 9,R
AQF ,377366920,136398846,Nzplqdnsvnw, Zmhpjsyn L,2013-05-01,9999-09-09,2013-08-01,2013-05-01,72,KE,GJD60,17050.6400,RPF6,NULL,NULL,24.76,A,2013-05-01,R, 9,R
AQF ,377366920,136398846,Nzplqdnsvnw, Zmhpjsyn L,2013-05-01,9999-09-09,2013-09-01,2013-05-01,12,PC,GJD60,17476.9100,RPF6,NULL,NULL,24.76,A,2013-05-01,R, 9,R
AQF ,377366920,136398846,Nzplqdnsvnw, Zmhpjsyn L,2013-05-01,9999-09-09,2013-10-01,2013-05-01,12,NB,GJD60,17913.8300,RPF6,NULL,NULL,24.76,A,2013-05-01,R, 9,R
AQF ,377366920,136398846,Nzplqdnsvnw, Zmhpjsyn L,2013-05-01,9999-09-09,2013-11-01,2013-05-01,71,FA,GJD60,18361.6800,RPF6,NULL,NULL,24.76,A,2013-05-01,R, 9,R
AQF ,377366920,136398846,Nzplqdnsvnw, Zmhpjsyn L,2013-05-01,9999-09-09,2013-12-01,2013-05-01,94,LB,GJD60,18820.7200,RPF6,NULL,NULL,24.76,A,2013-05-01,R, 9,R
AQF ,377366920,136398846,Nzplqdnsvnw, Zmhpjsyn L,2013-05-01,9999-09-09,2014-01-01,2013-05-01,09,FA,GJD60,19291.2400,RPF6,NULL,NULL,24.76,A,2013-05-01,R, 9,R
AQF ,377366920,136398846,Nzplqdnsvnw, Zmhpjsyn L,2013-05-01,9999-09-09,2014-02-01,2013-05-01,97,FA,GJD60,19773.5200,RPF6,NULL,NULL,24.76,A,2013-05-01,R, 9,R
AQF ,377366920,136398846,Nzplqdnsvnw, Zmhpjsyn L,2013-05-01,9999-09-09,2014-03-01,2013-05-01,15,HB,GJD60,20267.8600,RPF6,NULL,NULL,24.76,A,2013-05-01,R, 9,R
IHM ,702608744,203260335,Bwsrllx, Kerlwy R,2007-03-01,9999-09-09,2007-03-01,2007-03-01,88,PG,IKA01,53.0000,I1B1,NULL,NULL,100.00,A,2007-03-01,H,M2,R
IHM ,702608744,203260335,Bwsrllx, Kerlwy R,2007-03-01,9999-09-09,2007-11-01,2007-03-01,15,NB,IKA01,54.3300,I1B1,NULL,NULL,100.00,A,2007-03-01,H,M2,R
IHM ,702608744,203260335,Bwsrllx, Kerlwy R,2007-03-01,9999-09-09,2008-07-01,2007-03-01,73,PL,IKA01,55.6900,I1B1,NULL,NULL,100.00,A,2007-03-01,H,M2,R
IHM ,702608744,203260335,Bwsrllx, Kerlwy R,2007-03-01,9999-09-09,2009-03-01,2007-03-01,72,PB,IKA01,57.0800,I1B1,NULL,NULL,100.00,A,2007-03-01,H,M2,R
IHM ,702608744,203260335,Bwsrllx, Kerlwy R,2007-03-01,9999-09-09,2009-11-01,2007-03-01,72,LA,IKA01,58.5100,I1B1,NULL,NULL,100.00,A,2007-03-01,H,M2,R
IHM ,702608744,203260335,Bwsrllx, Kerlwy R,2007-03-01,9999-09-09,2010-07-01,2007-03-01,06,PD,IKA01,59.9700,I1B1,NULL,NULL,100.00,A,2007-03-01,H,M2,R
IHM ,702608744,203260335,Bwsrllx, Kerlwy R,2007-03-01,9999-09-09,2011-03-01,2007-03-01,98,LB,IKA01,61.4700,I1B1,NULL,NULL,100.00,A,2007-03-01,H,M2,R
IHM ,702608744,203260335,Bwsrllx, Kerlwy R,2007-03-01,9999-09-09,2011-11-01,2007-03-01,80,KD,IKA01,63.0100,I1B1,NULL,NULL,100.00,A,2007-03-01,H,M2,R
IHM ,702608744,203260335,Bwsrllx, Kerlwy R,2007-03-01,9999-09-09,2012-07-01,2007-03-01,13,HA,IKA01,64.5900,I1B1,NULL,NULL,100.00,A,2007-03-01,H,M2,R
IHM ,702608744,203260335,Bwsrllx, Kerlwy R,2007-03-01,9999-09-09,2013-03-01,2007-03-01,72,PI,IKA01,66.2000,I1B1,NULL,NULL,100.00,A,2007-03-01,H,M2,R
IHM ,702608744,203260335,Bwsrllx, Kerlwy R,2007-03-01,9999-09-09,2013-11-01,2007-03-01,11,PA,IKA01,67.8600,I1B1,NULL,NULL,100.00,A,2007-03-01,H,M2,R
IHM ,702608744,203260335,Bwsrllx, Kerlwy R,2007-03-01,9999-09-09,2014-07-01,2007-03-01,14,PA,IKA01,69.5600,I1B1,NULL,NULL,100.00,A,2007-03-01,H,M2,R
IHM ,702608744,203260335,Bwsrllx, Kerlwy R,2007-03-01,9999-09-09,2007-03-01,2007-03-01,05,PO,IKA01,78.4300,I1B2,Random Memo,NULL,100.00,A,2007-03-01,H,M2,R
IHM ,702608744,203260335,Bwsrllx, Kerlwy R,2007-03-01,9999-09-09,2009-12-01,2007-03-01,14,HA,IKA01,80.3900,I1B2,NULL,NULL,100.00,A,2007-03-01,H,M2,R
IHM ,702608744,203260335,Bwsrllx, Kerlwy R,2007-03-01,9999-09-09,2012-09-01,2007-03-01,01,NA,IKA01,82.4000,I1B2,NULL,NULL,100.00,A,2007-03-01,H,M2,R
GJG ,277950832,754641767,Xbvwnphpuod, Qwggkp W,2016-08-01,9999-09-09,2016-08-01,2016-08-01,08,PA,GJC81,3100.0000,H1E1,NULL,NULL,80.12,A,2016-08-01,R,P ,R
GJG ,277950832,754641767,Xbvwnphpuod, Qwggkp W,2016-08-01,9999-09-09,2017-05-01,2016-08-01,98,KC,GJC81,3177.5000,H1E1,NULL,NULL,80.12,A,2016-08-01,R,P ,R
GJG ,277950832,754641767,Xbvwnphpuod, Qwggkp W,2016-08-01,9999-09-09,2018-02-01,2016-08-01,95,PF,GJC81,3256.9400,H1E1,NULL,NULL,80.12,A,2016-08-01,R,P ,R
GJG ,277950832,754641767,Xbvwnphpuod, Qwggkp W,2016-08-01,9999-09-09,2018-11-01,2016-08-01,03,KA,GJC81,3338.3600,H1E1,NULL,NULL,80.12,A,2016-08-01,R,P ,R
GJG ,277950832,754641767,Xbvwnphpuod, Qwggkp W,2016-08-01,9999-09-09,2019-08-01,2016-08-01,04,PE,GJC81,3421.8200,H1E1,NULL,NULL,80.12,A,2016-08-01,R,P ,R
GJG ,277950832,754641767,Xbvwnphpuod, Qwggkp W,2016-08-01,9999-09-09,2020-05-01,2016-08-01,72,NULL,GJC81,3507.3700,H1E1,NULL,NULL,80.12,A,2016-08-01,R,P ,R
GJG ,277950832,754641767,Xbvwnphpuod, Qwggkp W,2016-08-01,9999-09-09,2021-02-01,2016-08-01,91,NULL,GJC81,3595.0500,H1E1,NULL,NULL,80.12,A,2016-08-01,R,P ,R
GJG ,277950832,754641767,Xbvwnphpuod, Qwggkp W,2016-08-01,9999-09-09,2021-11-01,2016-08-01,03,PF,GJC81,3684.9300,H1E1,NULL,NULL,80.12,A,2016-08-01,R,P ,R
GJG ,277950832,754641767,Xbvwnphpuod, Qwggkp W,2016-08-01,9999-09-09,2022-08-01,2016-08-01,91,LB,GJC81,3777.0500,H1E1,Random Memo,NULL,80.12,A,2016-08-01,R,P ,R
JJA ,898653345,014434416,Ynqdrlhhdpt, Pjbluihq D,2002-07-01,9999-09-09,2002-07-01,2002-01-01,15,GA,GMA05,2400.0000,RE61,NULL,NULL,100.00,A,2002-07-01,,T ,T
JJA ,898653345,014434416,Ynqdrlhhdpt, Pjbluihq D,2002-07-01,9999-09-09,2003-05-01,2002-01-01,02,LA,GMA05,2460.0000,RE61,NULL,NULL,100.00,A,2002-07-01,,T ,T
JJA ,898653345,014434416,Ynqdrlhhdpt, Pjbluihq D,2002-07-01,9999-09-09,2004-03-01,2002-01-01,94,HB,GMA05,2521.5000,RE61,NULL,NULL,100.00,A,2002-07-01,,T ,T
JJA ,898653345,014434416,Ynqdrlhhdpt, Pjbluihq D,2002-07-01,9999-09-09,2002-07-01,2002-01-01,95,KA,GMA05,2842.9900,RE62,NULL,NULL,100.00,A,2002-07-01,,T ,T
JJA ,898653345,014434416,Ynqdrlhhdpt, Pjbluihq D,2002-07-01,9999-09-09,2002-10-01,2002-01-01,09,KE,GMA05,2914.0600,RE62,NULL,NULL,100.00,A,2002-07-01,,T ,T
JJA ,898653345,014434416,Ynqdrlhhdpt, Pjbluihq D,2002-07-01,9999-09-09,2003-01-01,2002-01-01,01,FB,GMA05,2986.9100,RE62,NULL,NULL,100.00,A,2002-07-01,,T ,T
JJA ,898653345,014434416,Ynqdrlhhdpt, Pjbluihq D,2002-07-01,9999-09-09,2003-04-01,2002-01-01,88,PA,GMA05,3061.5800,RE62,NULL,NULL,100.00,A,2002-07-01,,T ,T
JJA ,898653345,014434416,Ynqdrlhhdpt, Pjbluihq D,2002-07-01,9999-09-09,2003-07-01,2002-01-01,07,PL,GMA05,3138.1200,RE62,NULL,NULL,100.00,A,2002-07-01,,T ,T
JJA ,898653345,014434416,Ynqdrlhhdpt, Pjbluihq D,2002-07-01,9999-09-09,2003-10-01,2002-01-01,06,LB,GMA05,3216.5700,RE62,NULL,NULL,100.00,A,2002-07-01,,T ,T
JJA ,898653345,014434416,Ynqdrlhhdpt, Pjbluihq D,2002-07-01,9999-09-09,2004-01-01,2002-01-01,88,PM,GMA05,3296.9800,RE62,NULL,NULL,100.00,A,2002-07-01,,T ,T
JJA ,898653345,014434416,Ynqdrlhhdpt, Pjbluihq D,2002-07-01,9999-09-09,2004-04-01,2002-01-01,98,PD,GMA05,3379.4000,RE62,NULL,NULL,100.00,A,2002-07-01,,T ,T
JJA ,898653345,014434416,Ynqdrlhhdpt, Pjbluihq D,2002-07-01,9999-09-09,2002-07-01,2002-01-01,95,PI,GMA05,3810.2800,RE63,NULL,NULL,100.00,A,2002-07-01,,T ,T
JJA ,898653345,014434416,Ynqdrlhhdpt, Pjbluihq D,2002-07-01,9999-09-09,2002-09-01,2002-01-01,01,KC,GMA05,3905.5400,RE63,NULL,NULL,100.00,A,2002-07-01,,T ,T
JJA ,898653345,014434416,Ynqdrlhhdpt, Pjbluihq D,2002-07-01,9999-09-09,2002-11-01,2002-01-01,01,GA,GMA05,4003.1800,RE63,NULL,NULL,100.00,A,2002-07-01,,T ,T
JJA ,898653345,014434416,Ynqdrlhhdpt, Pjbluihq D,2002-07-01,9999-09-09,2003-01-01,2002-01-01,08, ,GMA05,4103.2600,RE63,NULL,NULL,100.00,A,2002-07-01,,T ,T
JJA ,898653345,014434416,Ynqdrlhhdpt, Pjbluihq D,2002-07-01,9999-09-09,2003-03-01,2002-01-01,15,PB,GMA05,4205.8400,RE63,NULL,NULL,100.00,A,2002-07-01,,T ,T
JJA ,898653345,014434416,Ynqdrlhhdpt, Pjbluihq D,2002-07-01,9999-09-09,2003-05-01,2002-01-01,11,GA,GMA05,4310.9900,RE63,NULL,NULL,100.00,A,2002-07-01,,T ,T
JJA ,898653345,014434416,Ynqdrlhhdpt, Pjbluihq D,2002-07-01,9999-09-09,2003-07-01,2002-01-01,94,PC,GMA05,4418.7600,RE63,NULL,NULL,100.00,A,2002-07-01,,T ,T
JJA ,898653345,014434416,Ynqdrlhhdpt, Pjbluihq D,2002-07-01,9999-09-09,2003-09-01,2002-01-01,09,PG,GMA05,4529.2300,RE63,NULL,NULL,100.00,A,2002-07-01,,T ,T
JJA ,898653345,014434416,Ynqdrlhhdpt, Pjbluihq D,2002-07-01,9999-09-09,2003-11-01,2002-01-01,12,KD,GMA05,4642.4600,RE63,Random Memo,NULL,100.00,A,2002-07-01,,T ,T
JJA ,898653345,014434416,Ynqdrlhhdpt, Pjbluihq D,2002-07-01,9999-09-09,2004-01-01,2002-01-01,96,GA,GMA05,4758.5200,RE63,NULL,NULL,100.00,A,2002-07-01,,T ,T
JJA ,898653345,014434416,Ynqdrlhhdpt, Pjbluihq D,2002-07-01,9999-09-09,2004-03-01,2002-01-01,71,PA,GMA05,4877.4800,RE63,NULL,NULL,100.00,A,2002-07-01,,T ,T
JJA ,898653345,014434416,Ynqdrlhhdpt, Pjbluihq D,2002-07-01,9999-09-09,2002-07-01,2002-01-01,10,  ,GMA05,5499.3600,RE64,NULL,NULL,100.00,A,2002-07-01,,T ,T
JJA ,898653345,014434416,Ynqdrlhhdpt, Pjbluihq D,2002-07-01,9999-09-09,2003-10-01,2002-01-01,88,PD,GMA05,5636.8400,RE64,NULL,NULL,100.00,A,2002-07-01,,T ,T
JJA ,898653345,014434416,Ynqdrlhhdpt, Pjbluihq D,2002-07-01,9999-09-09,2002-07-01,2002-01-01,15,PD,GMA05,6355.5400,RE65,NULL,NULL,100.00,A,2002-07-01,,T ,T
JJA ,898653345,014434416,Ynqdrlhhdpt, Pjbluihq D,2002-07-01,9999-09-09,2003-02-01,2002-01-01,97,KC,GMA05,6514.4300,RE65,Random Memo,NULL,100.00,A,2002-07-01,,T ,T
JJA ,898653345,014434416,Ynqdrlhhdpt, Pjbluihq D,2002-07-01,9999-09-09,2003-09-01,2002-01-01,07,PE,GMA05,6677.2900,RE65,NULL,NULL,100.00,A,2002-07-01,,T ,T
JJA ,898653345,014434416,Ynqdrlhhdpt, Pjbluihq D,2002-07-01,9999-09-09,2004-04-01,2002-01-01,97,KC,GMA05,6844.2200,RE65,NULL,NULL,100.00,A,2002-07-01,,T ,T
JJA ,898653345,014434416,Ynqdrlhhdpt, Pjbluihq D,2002-07-01,9999-09-09,2002-07-01,2002-01-01,01,LB,GMA05,7716.8600,RE66,NULL,NULL,100.00,A,2002-07-01,,T ,T
JJA ,898653345,014434416,Ynqdrlhhdpt, Pjbluihq D,2002-07-01,9999-09-09,2002-09-01,2002-01-01,15,LB,GMA05,7909.7800,RE66,NULL,NULL,100.00,A,2002-07-01,,T ,T
JJA ,898653345,014434416,Ynqdrlhhdpt, Pjbluihq D,2002-07-01,9999-09-09,2002-11-01,2002-01-01,12,KC,GMA05,8107.5200,RE66,NULL,NULL,100.00,A,2002-07-01,,T ,T
JJA ,898653345,014434416,Ynqdrlhhdpt, Pjbluihq D,2002-07-01,9999-09-09,2003-01-01,2002-01-01,94,PD,GMA05,8310.2100,RE66,NULL,NULL,100.00,A,2002-07-01,,T ,T
JJA ,898653345,014434416,Ynqdrlhhdpt, Pjbluihq D,2002-07-01,9999-09-09,2003-03-01,2002-01-01,03,PB,GMA05,8517.9700,RE66,NULL,NULL,100.00,A,2002-07-01,,T ,T
JJA ,898653345,014434416,Ynqdrlhhdpt, Pjbluihq D,2002-07-01,9999-09-09,2003-05-01,2002-01-01,92,PJ,GMA05,8730.9200,RE66,NULL,NULL,100.00,A,2002-07-01,,T ,T
JJA ,898653345,014434416,Ynqdrlhhdpt, Pjbluihq D,2002-07-01,9999-09-09,2003-07-01,2002-01-01,15,PC,GMA05,8949.1900,RE66,NULL,NULL,100.00,A,2002-07-01,,T ,T
JJA ,898653345,014434416,Ynqdrlhhdpt, Pjbluihq D,2002-07-01,9999-09-09,2003-09-01,2002-01-01,06,PL,GMA05,9172.9200,RE66,NULL,NULL,100.00,A,2002-07-01,,T ,T
JJA ,898653345,014434416,Ynqdrlhhdpt, Pjbluihq D,2002-07-01,9999-09-09,2003-11-01,2002-01-01,92,HA,GMA05,9402.2400,RE66,NULL,NULL,100.00,A,2002-07-01,,T ,T
JJA ,898653345,014434416,Ynqdrlhhdpt, Pjbluihq D,2002-07-01,9999-09-09,2004-01-01,2002-01-01,71,PG,GMA05,9637.3000,RE66,NULL,NULL,100.00,A,2002-07-01,,T ,T
JJA ,898653345,014434416,Ynqdrlhhdpt, Pjbluihq D,2002-07-01,9999-09-09,2004-03-01,2002-01-01,92,KB,GMA05,9878.2300,RE66,NULL,NULL,100.00,A,2002-07-01,,T ,T
JJA ,898653345,014434416,Ynqdrlhhdpt, Pjbluihq D,2002-07-01,9999-09-09,2002-07-01,2002-01-01,09,FA,GMA05,11137.7100,RE67,NULL,NULL,100.00,A,2002-07-01,,T ,T
JJA ,898653345,014434416,Ynqdrlhhdpt, Pjbluihq D,2002-07-01,9999-09-09,2002-12-01,2002-01-01,01,PL,GMA05,11416.1500,RE67,NULL,NULL,100.00,A,2002-07-01,,T ,T
JJA ,898653345,014434416,Ynqdrlhhdpt, Pjbluihq D,2002-07-01,9999-09-09,2003-05-01,2002-01-01,07,KB,GMA05,11701.5500,RE67,NULL,NULL,100.00,A,2002-07-01,,T ,T
JJA ,898653345,014434416,Ynqdrlhhdpt, Pjbluihq D,2002-07-01,9999-09-09,2003-10-01,2002-01-01,91,PF,GMA05,11994.0900,RE67,Random Memo,NULL,100.00,A,2002-07-01,,T ,T
JJA ,898653345,014434416,Ynqdrlhhdpt, Pjbluihq D,2002-07-01,9999-09-09,2004-03-01,2002-01-01,98,NB,GMA05,12293.9400,RE67,NULL,NULL,100.00,A,2002-07-01,,T ,T
JJA ,898653345,014434416,Ynqdrlhhdpt, Pjbluihq D,2002-07-01,9999-09-09,2004-08-01,2002-01-01,92,FB,GMA05,12601.2900,RE67,NULL,NULL,100.00,A,2002-07-01,,T ,T
JJA ,898653345,014434416,Ynqdrlhhdpt, Pjbluihq D,2002-07-01,9999-09-09,2002-07-01,2002-01-01,96,PJ,GMA05,14207.9500,RE68,NULL,NULL,100.00,A,2002-07-01,,T ,T
JJA ,898653345,014434416,Ynqdrlhhdpt, Pjbluihq D,2002-07-01,9999-09-09,2002-10-01,2002-01-01,95,HB,GMA05,14563.1500,RE68,NULL,NULL,100.00,A,2002-07-01,,T ,T
JJA ,898653345,014434416,Ynqdrlhhdpt, Pjbluihq D,2002-07-01,9999-09-09,2003-01-01,2002-01-01,06,PI,GMA05,14927.2300,RE68,NULL,NULL,100.00,A,2002-07-01,,T ,T
JJA ,898653345,014434416,Ynqdrlhhdpt, Pjbluihq D,2002-07-01,9999-09-09,2003-04-01,2002-01-01,12,PL,GMA05,15300.4100,RE68,NULL,NULL,100.00,A,2002-07-01,,T ,T
JJA ,898653345,014434416,Ynqdrlhhdpt, Pjbluihq D,2002-07-01,9999-09-09,2003-07-01,2002-01-01,72,PG,GMA05,15682.9200,RE68,NULL,NULL,100.00,A,2002-07-01,,T ,T
JJA ,898653345,014434416,Ynqdrlhhdpt, Pjbluihq D,2002-07-01,9999-09-09,2003-10-01,2002-01-01,12,PB,GMA05,16074.9900,RE68,NULL,NULL,100.00,A,2002-07-01,,T ,T
JJA ,898653345,014434416,Ynqdrlhhdpt, Pjbluihq D,2002-07-01,9999-09-09,2004-01-01,2002-01-01,96,PL,GMA05,16476.8600,RE68,NULL,NULL,100.00,A,2002-07-01,,T ,T
JJA ,898653345,014434416,Ynqdrlhhdpt, Pjbluihq D,2002-07-01,9999-09-09,2004-04-01,2002-01-01,14,PG,GMA05,16888.7800,RE68,NULL,NULL,100.00,A,2002-07-01,,T ,T
